dataset_id,column_name,role
Adler_2018_Expt1,Subj_idx,subj_idx
Adler_2018_Expt1,Stimulus,stimulus
Adler_2018_Expt1,Response,response
Adler_2018_Expt1,Confidence,confidence
Adler_2018_Expt1,RT_decConf,rt_combined
Adler_2018_Expt1,Task,condition
Adler_2018_Expt1,Difficulty,difficulty
Adler_2018_Expt1,Orientation,other
Adler_2018_Expt2,Subj_idx,subj_idx
Adler_2018_Expt2,Stimulus,stimulus
Adler_2018_Expt2,Response,response
Adler_2018_Expt2,Confidence,confidence
Adler_2018_Expt2,RT_dec,rt_decision
Adler_2018_Expt2,RT_conf,rt_confidence
Adler_2018_Expt2,Task,condition
Adler_2018_Expt2,Difficulty,difficulty
Adler_2018_Expt2,Orientation,other
Adler_2018_Expt3,Subj_idx,subj_idx
Adler_2018_Expt3,Stimulus,stimulus
Adler_2018_Expt3,Response,response
Adler_2018_Expt3,Confidence,confidence
Adler_2018_Expt3,RT_decConf,rt_combined
Adler_2018_Expt3,Difficulty,difficulty
Adler_2018_Expt3,Orientation,other
AguilarLleyda_2018,Subj_idx,subj_idx
AguilarLleyda_2018,Stimulus_col,stimulus
AguilarLleyda_2018,Stimulus_let,stimulus
AguilarLleyda_2018,Response_col,response
AguilarLleyda_2018,Response_let,response
AguilarLleyda_2018,Accuracy_col,accuracy
AguilarLleyda_2018,Accuracy_let,accuracy
AguilarLleyda_2018,Confidence_col,confidence
AguilarLleyda_2018,Confidence_let,confidence
AguilarLleyda_2018,RT_firstchoice,rt_decision
AguilarLleyda_2018,RT_secondchoice,rt_decision
AguilarLleyda_2018,RT_confidence_col,rt_confidence
AguilarLleyda_2018,RT_confidence_let,rt_confidence
AguilarLleyda_2018,Difficulty_col,difficulty
AguilarLleyda_2018,Difficulty_let,difficulty
AguilarLleyda_2018,Run,trial_info
AguilarLleyda_2018,Block,trial_info
AguilarLleyda_2018,Trial,trial_info
AguilarLleyda_2018,Number_blues,other
AguilarLleyda_2018,Number_os,other
AguilarLleyda_2018,Firstchoice,other
AguilarLleyda_2018,Location_firstchoice,other
AguilarLleyda_2018,Location_secondchoice,other
AguilarLleyda_unpub,Subj_idx,subj_idx
AguilarLleyda_unpub,Stimulus_col,stimulus
AguilarLleyda_unpub,Stimulus_let,stimulus
AguilarLleyda_unpub,Response_col,response
AguilarLleyda_unpub,Response_let,response
AguilarLleyda_unpub,Accuracy_col,accuracy
AguilarLleyda_unpub,Accuracy_let,accuracy
AguilarLleyda_unpub,Confidence_col,confidence
AguilarLleyda_unpub,Confidence_let,confidence
AguilarLleyda_unpub,RT_dec_col,rt_decision
AguilarLleyda_unpub,RT_dec_let,rt_decision
AguilarLleyda_unpub,RT_confidence_col,rt_confidence
AguilarLleyda_unpub,RT_confidence_let,rt_confidence
AguilarLleyda_unpub,Taskorder,condition
AguilarLleyda_unpub,Difficulty_col,difficulty
AguilarLleyda_unpub,Difficulty_let,difficulty
AguilarLleyda_unpub,Run,trial_info
AguilarLleyda_unpub,Block,trial_info
AguilarLleyda_unpub,Trial,trial_info
AguilarLleyda_unpub,Number_blues,other
AguilarLleyda_unpub,Number_os,other
AguilarLleyda_unpub,Locationchoice_col,other
AguilarLleyda_unpub,Locationchoice_let,other
AguilarLleyda_unpub,Initposconf_col,other
AguilarLleyda_unpub,Initposconf_let,other
Akdogan_2017_Exp1,Subj_idx,subj_idx
Akdogan_2017_Exp1,Stimulus,stimulus
Akdogan_2017_Exp1,Response,response
Akdogan_2017_Exp1,Confidence,confidence
Akdogan_2017_Exp1,RT_conf,rt_confidence
Akdogan_2017_Exp1,RT_start,rt_other
Akdogan_2017_Exp1,RT_error,rt_other
Akdogan_2017_Exp1,Block,trial_info
Akdogan_2017_Exp1,Trial_in_block,trial_info
Akdogan_2017_Exp1,Trial,trial_info
Akdogan_2017_Exp1,ErrorDirection,other
Akdogan_2017_Exp2,Subj_idx,subj_idx
Akdogan_2017_Exp2,Stimulus,stimulus
Akdogan_2017_Exp2,Response,response
Akdogan_2017_Exp2,Confidence,confidence
Akdogan_2017_Exp2,RT_conf,rt_confidence
Akdogan_2017_Exp2,RT_start,rt_other
Akdogan_2017_Exp2,RT_error,rt_other
Akdogan_2017_Exp2,Block,trial_info
Akdogan_2017_Exp2,Trial_in_block,trial_info
Akdogan_2017_Exp2,Trial,trial_info
Akdogan_2017_Exp2,ErrorDirection,other
Akdogan_2017_Exp3,Subj_idx,subj_idx
Akdogan_2017_Exp3,Stimulus,stimulus
Akdogan_2017_Exp3,Response,response
Akdogan_2017_Exp3,Confidence,confidence
Akdogan_2017_Exp3,RT_conf,rt_confidence
Akdogan_2017_Exp3,RT_start,rt_other
Akdogan_2017_Exp3,RT_error,rt_other
Akdogan_2017_Exp3,Block,trial_info
Akdogan_2017_Exp3,Trial_in_block,trial_info
Akdogan_2017_Exp3,Trial,trial_info
Akdogan_2017_Exp3,ErrorDirection,other
Akdogan_2017_Exp4,Subj_idx,subj_idx
Akdogan_2017_Exp4,Stimulus,stimulus
Akdogan_2017_Exp4,Response,response
Akdogan_2017_Exp4,Confidence,confidence
Akdogan_2017_Exp4,RT_conf,rt_confidence
Akdogan_2017_Exp4,RT_start,rt_other
Akdogan_2017_Exp4,RT_error,rt_other
Akdogan_2017_Exp4,Block,trial_info
Akdogan_2017_Exp4,Trial,trial_info
Akdogan_2017_Exp4,ErrorDirection,other
Arbuzova_2021_expt2,Subj_idx,subj_idx
Arbuzova_2021_expt2,Stimulus,stimulus
Arbuzova_2021_expt2,Response,response
Arbuzova_2021_expt2,Confidence,confidence
Arbuzova_2021_expt2,RT_dec,rt_decision
Arbuzova_2021_expt2,RT_conf,rt_confidence
Arbuzova_2021_expt2,Condition,condition
Arbuzova_2021_expt2,Task,condition
Arbuzova_2021_expt2,Difference,other
Arbuzova_2021_expt1,Subj_idx,subj_idx
Arbuzova_2021_expt1,Stimulus,stimulus
Arbuzova_2021_expt1,Response,response
Arbuzova_2021_expt1,Confidence,confidence
Arbuzova_2021_expt1,RT_dec,rt_decision
Arbuzova_2021_expt1,RT_conf,rt_confidence
Arbuzova_2021_expt1,Condition,condition
Arbuzova_2021_expt1,Difference,other
Arbuzova_unpub_3,Subj_idx,subj_idx
Arbuzova_unpub_3,Stimulus,stimulus
Arbuzova_unpub_3,Response,response
Arbuzova_unpub_3,Confidence,confidence
Arbuzova_unpub_3,RT_dec,rt_decision
Arbuzova_unpub_3,RT_conf,rt_confidence
Arbuzova_unpub_3,Task,condition
Arbuzova_unpub_3,Difficulty,difficulty
Bang_2019_Exp1,Subj_idx,subj_idx
Bang_2019_Exp1,Stimulus,stimulus
Bang_2019_Exp1,Response,response
Bang_2019_Exp1,Accuracy,accuracy
Bang_2019_Exp1,Confidence,confidence
Bang_2019_Exp1,RT_dec,rt_decision
Bang_2019_Exp1,RT_conf,rt_confidence
Bang_2019_Exp1,Condition,condition
Bang_2019_Exp1,Block,trial_info
Bang_2019_Exp1,SN,other
Bang_2019_Exp1,Day,other
Bang_2019_Exp2,Subj_idx,subj_idx
Bang_2019_Exp2,Stimulus,stimulus
Bang_2019_Exp2,Response,response
Bang_2019_Exp2,Confidence,confidence
Bang_2019_Exp2,RT_dec,rt_decision
Bang_2019_Exp2,RT_conf,rt_confidence
Bang_2019_Exp2,ContrastOrTilt,rt_other
Bang_2019_Exp2,Task,condition
Bang_2019_Exp2,Catch_trial,other
data_Bocheva_unpub_Expt1,Subj_idx,subj_idx
data_Bocheva_unpub_Expt1,Stimulus,stimulus
data_Bocheva_unpub_Expt1,Response,response
data_Bocheva_unpub_Expt1,Accuracy,accuracy
data_Bocheva_unpub_Expt1,Confidence,confidence
data_Bocheva_unpub_Expt1,RT_dec,rt_decision
data_Bocheva_unpub_Expt1,RT_conf,rt_confidence
data_Bocheva_unpub_Expt1,Condition,condition
data_Bocheva_unpub_Expt1,Contrast,difficulty
data_Bocheva_unpub_Expt2,Subj_idx,subj_idx
data_Bocheva_unpub_Expt2,Stimulus,stimulus
data_Bocheva_unpub_Expt2,Response,response
data_Bocheva_unpub_Expt2,Accuracy,accuracy
data_Bocheva_unpub_Expt2,Confidence,confidence
data_Bocheva_unpub_Expt2,RT_dec,rt_decision
data_Bocheva_unpub_Expt2,RT_conf,rt_confidence
data_Bocheva_unpub_Expt2,Condition,condition
data_Bocheva_unpub_Expt2,Contrast,difficulty
CalderTravis_unpub,Subj_idx,subj_idx
CalderTravis_unpub,Stimulus,stimulus
CalderTravis_unpub,Response,response
CalderTravis_unpub,Confidence,confidence
CalderTravis_unpub,RT_dec,rt_decision
CalderTravis_unpub,Condition,condition
CalderTravis_unpub,Dot_diff,other
CalderTravis_unpub,Stim_duration,other
CalderTravis_unpub,Stim_ref,other
Chandravadia_2020,Subj_idx,subj_idx
Chandravadia_2020,Stimulus,stimulus
Chandravadia_2020,Response,response
Chandravadia_2020,Response_Raw,response
Chandravadia_2020,Accuracy,accuracy
Chandravadia_2020,Confidence,confidence
Chandravadia_2020,RT_decConf,rt_combined
Chandravadia_2020,Category,other
Chandravadia_2020,Variant,other
Chandravadia_2020,patientNumber,other
Chandravadia_2020,ptDiagnosis,other
Chandravadia_2020,age,other
Chandravadia_2020,sex,other
Charalampaki_unpub_1,Subj_idx,subj_idx
Charalampaki_unpub_1,Stimulus,stimulus
Charalampaki_unpub_1,Response,response
Charalampaki_unpub_1,Confidence,confidence
Charalampaki_unpub_1,RT_dec,rt_decision
Charalampaki_unpub_1,RT_conf,rt_confidence
Charalampaki_unpub_1,Condition,condition
Charalampaki_unpub_1,Difficulty,difficulty
Chetverikov_2014_exp3,Subj_idx,subj_idx
Chetverikov_2014_exp3,Stimulus,stimulus
Chetverikov_2014_exp3,Response,response
Chetverikov_2014_exp3,Accuracy,accuracy
Chetverikov_2014_exp3,Confidence,confidence
Chetverikov_2014_exp3,RT_dec,rt_decision
Chetverikov_2014_exp3,RT_conf,rt_confidence
Chetverikov_2014_exp3,RT_liking,rt_other
Chetverikov_2014_exp3,Condition,condition
Chetverikov_2014_exp3,Difficulty,difficulty
Chetverikov_2014_exp3,ImgID,other
Chetverikov_2014_exp3,Liking,other
Chetverikov_2014_exp3,SbjAge,other
Chetverikov_2014_exp3,SbjSex,other
Chetverikov_2014_exp4,Subj_idx,subj_idx
Chetverikov_2014_exp4,Stimulus,stimulus
Chetverikov_2014_exp4,Response,response
Chetverikov_2014_exp4,Accuracy,accuracy
Chetverikov_2014_exp4,Confidence,confidence
Chetverikov_2014_exp4,RT_dec,rt_decision
Chetverikov_2014_exp4,RT_conf,rt_confidence
Chetverikov_2014_exp4,RT_liking,rt_other
Chetverikov_2014_exp4,Condition,condition
Chetverikov_2014_exp4,Difficulty,difficulty
Chetverikov_2014_exp4,ImgID,other
Chetverikov_2014_exp4,Liking,other
Chetverikov_2014_exp4,ImgEmo,other
Chetverikov_2014_exp4,SbjAge,other
Chetverikov_2014_exp4,SbjSex,other
Clark_2018,Subj_idx,subj_idx
Clark_2018,Stimulus,stimulus
Clark_2018,Stimulus Peak Velocity (deg/s),stimulus
Clark_2018,Response,response
Clark_2018,Accuracy,accuracy
Clark_2018,Confidence,confidence
Clark_2018,Task,condition
Clark_2018,Trial in Block,trial_info
Clark_unpub,Subj_idx,subj_idx
Clark_unpub,Stimulus,stimulus
Clark_unpub,Response,response
Clark_unpub,Accuracy,accuracy
Clark_unpub,Confidence,confidence
Clark_unpub,Task,condition
Clark_unpub,Peak_Velocity,other
Constant_2022,Subj_idx,subj_idx
Constant_2022,Stimulus,stimulus
Constant_2022,Response,response
Constant_2022,Confidence,confidence
Constant_2022,RT_dec,rt_decision
Constant_2022,RT_conf,rt_confidence
Constant_2022,Difficulty,difficulty
Constant_2022,Noise,other
Constant_2022,Error_trial,other
Denison_2018,Subj_idx,subj_idx
Denison_2018,Stimulus,stimulus
Denison_2018,Response,response
Denison_2018,Confidence,confidence
Denison_2018,RT_decConf,rt_combined
Denison_2018,Difficulty,difficulty
Denison_2018,Orientation,other
Desender_2014,Subj_idx,subj_idx
Desender_2014,Stimulus,stimulus
Desender_2014,Response,response
Desender_2014,Accuracy,accuracy
Desender_2014,Confidence,confidence
Desender_2014,RT_dec,rt_decision
Desender_2014,RT_conf,rt_confidence
Desender_2014,Congruency,other
Desender_2014,Training,other
Desender_2016,Subj_idx,subj_idx
Desender_2016,Stimulus,stimulus
Desender_2016,Response,response
Desender_2016,Accuracy,accuracy
Desender_2016,Confidence,confidence
Desender_2016,RT_dec,rt_decision
Desender_2016,RT_conf,rt_confidence
Desender_2016,Congruency,other
Desender_2016,Training,other
Desender_2018_Exp1,Subj_idx,subj_idx
Desender_2018_Exp1,Stimulus,stimulus
Desender_2018_Exp1,Response,response
Desender_2018_Exp1,Confidence,confidence
Desender_2018_Exp1,RT_decConf,rt_combined
Desender_2018_Exp1,RT_dec,rt_decision
Desender_2018_Exp1,RT_conf,rt_confidence
Desender_2018_Exp1,Condition,condition
Desender_2018_Exp1,mean,other
Desender_2018_Exp1,sd,other
Desender_2018_Exp1,Training,other
Desender_2018_Exp2,Subj_idx,subj_idx
Desender_2018_Exp2,Stimulus,stimulus
Desender_2018_Exp2,Response,response
Desender_2018_Exp2,Confidence,confidence
Desender_2018_Exp2,RT_decConf,rt_combined
Desender_2018_Exp2,RT_dec,rt_decision
Desender_2018_Exp2,RT_conf,rt_confidence
Desender_2018_Exp2,Condition,condition
Desender_2018_Exp2,mean,other
Desender_2018_Exp2,sd,other
Desender_2018_Exp2,Training,other
Desender_2021_Cognit,Subj_idx,subj_idx
Desender_2021_Cognit,Stimulus,stimulus
Desender_2021_Cognit,Response,response
Desender_2021_Cognit,Confidence,confidence
Desender_2021_Cognit,RT_decConf,rt_combined
Desender_2021_Cognit,RT_dec,rt_decision
Desender_2021_Cognit,RT_conf,rt_confidence
Desender_2021_Cognit,Condition,condition
Desender_2021_Cognit,Coherence,difficulty
Desender_2021_Cognit,Volatility,other
Desender_2021_Cognit,Training,other
Desender_2021_PsyRes,Subj_idx,subj_idx
Desender_2021_PsyRes,Stimulus,stimulus
Desender_2021_PsyRes,Stimulus1,stimulus
Desender_2021_PsyRes,Stimulus2,stimulus
Desender_2021_PsyRes,Response,response
Desender_2021_PsyRes,Correct,accuracy
Desender_2021_PsyRes,Confidence,confidence
Desender_2021_PsyRes,Confidence_prospective,confidence
Desender_2021_PsyRes,RT_dec,rt_decision
Desender_2021_PsyRes,RT_conf,rt_confidence
Desender_2021_PsyRes,Solution,other
Desender_2021_PsyRes,Training,other
Desender_2022_Exp1,Subj_idx,subj_idx
Desender_2022_Exp1,Stimulus,stimulus
Desender_2022_Exp1,Response,response
Desender_2022_Exp1,Confidence,confidence
Desender_2022_Exp1,RT_dec,rt_decision
Desender_2022_Exp1,RT_conf,rt_confidence
Desender_2022_Exp1,Condition,condition
Desender_2022_Exp1,Coherence,difficulty
Desender_2022_Exp1,Training,other
Desender_2022_Exp1S,Subj_idx,subj_idx
Desender_2022_Exp1S,Stimulus,stimulus
Desender_2022_Exp1S,Response,response
Desender_2022_Exp1S,Confidence,confidence
Desender_2022_Exp1S,RT_dec,rt_decision
Desender_2022_Exp1S,RT_conf,rt_confidence
Desender_2022_Exp1S,Condition,condition
Desender_2022_Exp1S,Coherence,difficulty
Desender_2022_Exp1S,Training,other
Desender_2022_Exp2B,Subj_idx,subj_idx
Desender_2022_Exp2B,Stimulus,stimulus
Desender_2022_Exp2B,Response,response
Desender_2022_Exp2B,Confidence,confidence
Desender_2022_Exp2B,RT_dec,rt_decision
Desender_2022_Exp2B,RT_conf,rt_confidence
Desender_2022_Exp2B,Difficulty,difficulty
Desender_2022_Exp2B,Training,other
Dildine_unpub,Subj_idx,subj_idx
Dildine_unpub,Stimulus,stimulus
Dildine_unpub,Response,response
Dildine_unpub,Confidence,confidence
Dildine_unpub,RT_dec,rt_decision
Dildine_unpub,logTransformed_RT_dec_NaNOutlier,rt_decision
Dildine_unpub,RT_conf,rt_confidence
Dildine_unpub,logTransformed_RT_conf_NaNOutlier,rt_confidence
Dildine_unpub,Trial_number,trial_info
Dildine_unpub,Skin_site,other
Dildine_unpub,raw_Confidence_NotReverseCoded,other
Dildine_unpub,raw_Response,other
Double_2017,Subj_idx,subj_idx
Double_2017,Stimulus,stimulus
Double_2017,Response,response
Double_2017,Accuracy,accuracy
Double_2017,Confidence,confidence
Double_2017,RT_dec,rt_decision
Double_2017,RT_conf,rt_confidence
Double_2017,Difficulty,difficulty
Duyan_2018_Exp1,Subj_idx,subj_idx
Duyan_2018_Exp1,Stimulus,stimulus
Duyan_2018_Exp1,Response,response
Duyan_2018_Exp1,Confidence,confidence
Duyan_2018_Exp1,RT_confidence,rt_confidence
Duyan_2018_Exp1,RT_stop,rt_other
Duyan_2018_Exp1,RT_directionJudgment,rt_other
Duyan_2018_Exp1,Block,trial_info
Duyan_2018_Exp1,Trial,trial_info
Duyan_2018_Exp1,Error,other
Duyan_2018_Exp1,ErrorDirectionJudgment,other
Duyan_2018_Exp2,Subj_idx,subj_idx
Duyan_2018_Exp2,Stimulus,stimulus
Duyan_2018_Exp2,Response,response
Duyan_2018_Exp2,Confidence,confidence
Duyan_2018_Exp2,RT_confidence,rt_confidence
Duyan_2018_Exp2,RT_stop,rt_other
Duyan_2018_Exp2,RT_directionJudgment,rt_other
Duyan_2018_Exp2,Block,trial_info
Duyan_2018_Exp2,Trial,trial_info
Duyan_2018_Exp2,Error,other
Duyan_2018_Exp2,ErrorDirectionJudgment,other
Duyan_2019,Subj_idx,subj_idx
Duyan_2019,Stimulus,stimulus
Duyan_2019,Response,response
Duyan_2019,Confidence,confidence
Duyan_2019,RT_dec,rt_decision
Duyan_2019,RT_conf,rt_confidence
Duyan_2019,RT_directionJudgment,rt_other
Duyan_2019,Block,trial_info
Duyan_2019,Trial,trial_info
Duyan_2019,ErrorDirectionJudgment,other
Duyan_unpub_Exp1,Subj_idx,subj_idx
Duyan_unpub_Exp1,Stimulus,stimulus
Duyan_unpub_Exp1,Response,response
Duyan_unpub_Exp1,Confidence,confidence
Duyan_unpub_Exp1,RT_conf,rt_confidence
Duyan_unpub_Exp1,RT_directionJudgment,rt_other
Duyan_unpub_Exp1,Block,trial_info
Duyan_unpub_Exp1,Trial,trial_info
Duyan_unpub_Exp1,trialFilter,trial_info
Duyan_unpub_Exp1,Error,other
Duyan_unpub_Exp1,ErrorDirectionJudgment,other
Duyan_unpub_Exp1,MADFilter,other
Duyan_unpub_Exp2,Subj_idx,subj_idx
Duyan_unpub_Exp2,Stimulus,stimulus
Duyan_unpub_Exp2,Response,response
Duyan_unpub_Exp2,Confidence,confidence
Duyan_unpub_Exp2,RT_conf,rt_confidence
Duyan_unpub_Exp2,RT_directionJudgment,rt_other
Duyan_unpub_Exp2,Trial,trial_info
Duyan_unpub_Exp2,Block,trial_info
Duyan_unpub_Exp2,trialFilter,trial_info
Duyan_unpub_Exp2,Error,other
Duyan_unpub_Exp2,ErrorDirectionJudgment,other
Duyan_unpub_Exp2,madFilter,other
Duyan_unpub_logos,Subj_idx,subj_idx
Duyan_unpub_logos,Stimulus,stimulus
Duyan_unpub_logos,Response,response
Duyan_unpub_logos,Correct,accuracy
Duyan_unpub_logos,Confidence,confidence
Duyan_unpub_logos,RT_dec,rt_decision
Duyan_unpub_logos,RT_conf,rt_confidence
Faivre_2018_JN,Subj_idx,subj_idx
Faivre_2018_JN,Stimulus,stimulus
Faivre_2018_JN,Response,response
Faivre_2018_JN,Confidence,confidence
Faivre_2018_JN,RT_dec,rt_decision
Faivre_2018_JN,RT_conf,rt_confidence
Faivre_2018_JN,Ease,other
Faivre_2018_bioRxiv,Subj_idx,subj_idx
Faivre_2018_bioRxiv,Stimulus,stimulus
Faivre_2018_bioRxiv,Response,response
Faivre_2018_bioRxiv,Confidence,confidence
Faivre_2018_bioRxiv,RT_dec,rt_decision
Faivre_2018_bioRxiv,RT_conf,rt_confidence
Faivre_2018_bioRxiv,Ease,other
Fallow_unpub_1,Subj_idx,subj_idx
Fallow_unpub_1,Stimulus,stimulus
Fallow_unpub_1,Response,response
Fallow_unpub_1,Confidence,confidence
Fallow_unpub_1,RT_decConf,rt_combined
Fallow_unpub_1,Condition,condition
Fallow_unpub_1,Stim_idx,other
Fallow_unpub_1,Resp_raw,other
Fallow_unpub_2,Subj_idx,subj_idx
Fallow_unpub_2,Stimulus,stimulus
Fallow_unpub_2,Response,response
Fallow_unpub_2,Confidence,confidence
Fallow_unpub_2,RT_decConf,rt_combined
Fallow_unpub_2,Condition,condition
Fallow_unpub_2,Stim_idx,other
Fallow_unpub_2,Resp_raw,other
Fallow_unpub_3,Subj_idx,subj_idx
Fallow_unpub_3,Stimulus,stimulus
Fallow_unpub_3,Response,response
Fallow_unpub_3,Confidence,confidence
Fallow_unpub_3,RT_decConf,rt_combined
Fallow_unpub_3,Condition,condition
Fallow_unpub_3,Stim_idx,other
Fallow_unpub_3,Resp_raw,other
Filevich_unpub,Subj_idx,subj_idx
Filevich_unpub,Stimulus,stimulus
Filevich_unpub,Response,response
Filevich_unpub,Accuracy,accuracy
Filevich_unpub,Confidence,confidence
Filevich_unpub,RT_dec,rt_decision
Filevich_unpub,RT_conf,rt_confidence
Filevich_unpub,Condition,condition
Filevich_unpub,Difficulty,difficulty
Gajdos_2019,Subj_idx,subj_idx
Gajdos_2019,Stimulus,stimulus
Gajdos_2019,Response,response
Gajdos_2019,Accuracy,accuracy
Gajdos_2019,Confidence,confidence
Gajdos_2019,RT_dec,rt_decision
Gajdos_2019,RT_conf,rt_confidence
Gajdos_2019,Block,trial_info
Gajdos_2019,Trial,trial_info
Gajdos_2019,nbrA,other
Gajdos_2019,CA,other
Gajdos_2019,IA,other
Gajdos_2019,prmt,other
Gajdos_2019,mt,other
Gajdos_2019,Apmt,other
Gajdos_2019,EMGtrial,other
Gajdos_2019,force,other
Gajdos_2019,EMG,other
Gajdos_2019,Gender,other
Gajdos_2019,age,other
Gallagher_2019_Exp1,Subj_idx,subj_idx
Gallagher_2019_Exp1,Stimulus,stimulus
Gallagher_2019_Exp1,Response,response
Gallagher_2019_Exp1,Confidence,confidence
Gallagher_2019_Exp1,Condition,condition
Gallagher_2019_Exp2,Subj_idx,subj_idx
Gallagher_2019_Exp2,Stimulus,stimulus
Gallagher_2019_Exp2,Response,response
Gallagher_2019_Exp2,Confidence,confidence
Gallagher_2019_Exp2,Condition,condition
Gallagher_2019_Exp2,Exp,other
Gherman_2018,Subj_idx,subj_idx
Gherman_2018,Stimulus,stimulus
Gherman_2018,Response,response
Gherman_2018,Confidence,confidence
Gherman_2018,RT_dec,rt_decision
Gherman_2018,RT_conf,rt_confidence
Gherman_2018,Excluded_subj,other
Haddara_2022_Expt1,Subj_idx,subj_idx
Haddara_2022_Expt1,Stimulus,stimulus
Haddara_2022_Expt1,Response,response
Haddara_2022_Expt1,Confidence,confidence
Haddara_2022_Expt1,RT_dec,rt_decision
Haddara_2022_Expt1,RT_conf,rt_confidence
Haddara_2022_Expt1,Task,condition
Haddara_2022_Expt1,Feedback,other
Haddara_2022_Expt2,Subj_idx,subj_idx
Haddara_2022_Expt2,Stimulus,stimulus
Haddara_2022_Expt2,Response,response
Haddara_2022_Expt2,Confidence,confidence
Haddara_2022_Expt2,RT_dec,rt_decision
Haddara_2022_Expt2,RT_conf,rt_confidence
Haddara_2022_Expt2,Day,other
Haddara_2022_Expt2,Feedback,other
Hainguerlot_2018,Subj_idx,subj_idx
Hainguerlot_2018,Stimulus,stimulus
Hainguerlot_2018,Response,response
Hainguerlot_2018,Confidence,confidence
Hainguerlot_2018,RT_dec,rt_decision
Hainguerlot_2018,RT_conf,rt_confidence
Hainguerlot_2018,Trial_in_block,trial_info
Hainguerlot_unpub,Subj_idx,subj_idx
Hainguerlot_unpub,Stimulus,stimulus
Hainguerlot_unpub,Response,response
Hainguerlot_unpub,Confidence,confidence
Hainguerlot_unpub,RT_dec,rt_decision
Hainguerlot_unpub,RT_conf,rt_confidence
Hainguerlot_unpub,Trial_in_block,trial_info
Hellmann_2023_Exp1,Subj_idx,subj_idx
Hellmann_2023_Exp1,Stimulus,stimulus
Hellmann_2023_Exp1,Response,response
Hellmann_2023_Exp1,Confidence,confidence
Hellmann_2023_Exp1,RT_decConf,rt_combined
Hellmann_2023_Exp1,Session,trial_info
Hellmann_2023_Exp1,SOA,other
Hellmann_2023_Exp1,Gender,other
Hellmann_2023_Exp1,Age,other
Hellmann_2023_Exp1,Training,other
Hellmann_2023_Exp2,Subj_idx,subj_idx
Hellmann_2023_Exp2,Stimulus,stimulus
Hellmann_2023_Exp2,Response,response
Hellmann_2023_Exp2,Confidence,confidence
Hellmann_2023_Exp2,RT_decConf,rt_combined
Hellmann_2023_Exp2,Coherence,difficulty
Hellmann_2023_Exp2,Session,trial_info
Hellmann_2023_Exp2,Gender,other
Hellmann_2023_Exp2,Age,other
Hellmann_2023_Exp2,Training,other
Hetland_unpub,Subj_idx,subj_idx
Hetland_unpub,Stimulus,stimulus
Hetland_unpub,Response,response
Hetland_unpub,Accuracy,accuracy
Hetland_unpub,Confidence,confidence
Hetland_unpub,Confidence_raw,confidence
Hetland_unpub,RT_decConf,rt_combined
Hetland_unpub,Picture_ID,other
Hu_2017,Subj_idx,subj_idx
Hu_2017,Stimulus,stimulus
Hu_2017,Response,response
Hu_2017,Accuracy,accuracy
Hu_2017,Confidence,confidence
Hu_2017,RT_dec,rt_decision
Hu_2017,RT_conf,rt_confidence
Jachs_2015_Exp1,Subj_idx,subj_idx
Jachs_2015_Exp1,Stimulus,stimulus
Jachs_2015_Exp1,Response,response
Jachs_2015_Exp1,Accuracy,accuracy
Jachs_2015_Exp1,Confidence,confidence
Jachs_2015_Exp1,RT_dec,rt_decision
Jachs_2015_Exp1,RT_conf,rt_confidence
Jachs_2015_Exp1,RT_aware,rt_other
Jachs_2015_Exp1,Trial_count,trial_info
Jachs_2015_Exp1,Block_count,trial_info
Jachs_2015_Exp1,Awareness,other
Jachs_2015_Exp2,Subj_idx,subj_idx
Jachs_2015_Exp2,Stimulus,stimulus
Jachs_2015_Exp2,Response,response
Jachs_2015_Exp2,Accuracy,accuracy
Jachs_2015_Exp2,Confidence,confidence
Jachs_2015_Exp2,RT_dec,rt_decision
Jachs_2015_Exp2,RT_conf,rt_confidence
Jachs_2015_Exp2,RT_aware,rt_other
Jachs_2015_Exp2,Trial_count,trial_info
Jachs_2015_Exp2,Block_count,trial_info
Jachs_2015_Exp2,Awareness,other
Jachs_2015_Exp3,Subj_idx,subj_idx
Jachs_2015_Exp3,Stimulus,stimulus
Jachs_2015_Exp3,Response,response
Jachs_2015_Exp3,Accuracy,accuracy
Jachs_2015_Exp3,Confidence,confidence
Jachs_2015_Exp3,RT_dec,rt_decision
Jachs_2015_Exp3,RT_conf,rt_confidence
Jachs_2015_Exp3,RT_aware,rt_other
Jachs_2015_Exp3,Trial_count,trial_info
Jachs_2015_Exp3,Block_count,trial_info
Jachs_2015_Exp3,Awareness,other
Jaquiery_unpub,Subj_idx,subj_idx
Jaquiery_unpub,Stimulus,stimulus
Jaquiery_unpub,Response,response
Jaquiery_unpub,Accuracy,accuracy
Jaquiery_unpub,Confidence,confidence
Jaquiery_unpub,RT_decConf,rt_combined
Jaquiery_unpub,Difficulty,difficulty
Jaquiery_unpub,Trial_in_block,trial_info
Kantner_2010,Subj_idx,subj_idx
Kantner_2010,Stimulus,stimulus
Kantner_2010,StimulusType,stimulus
Kantner_2010,Response,response
Kantner_2010,Accuracy,accuracy
Kantner_2010,Confidence,confidence
Kantner_2010,RT_decConf,rt_combined
Kantner_2010,Condition,condition
Kantner_2010,Raw_Response,other
Kantner_2012_E1,Subj_idx,subj_idx
Kantner_2012_E1,Stimulus,stimulus
Kantner_2012_E1,StimulusType,stimulus
Kantner_2012_E1,Response,response
Kantner_2012_E1,Accuracy,accuracy
Kantner_2012_E1,Confidence,confidence
Kantner_2012_E1,RT_decConf,rt_combined
Kantner_2012_E1,Raw_Response,other
Kantner_2012_E2,Subj_idx,subj_idx
Kantner_2012_E2,Stimulus,stimulus
Kantner_2012_E2,StimulusType,stimulus
Kantner_2012_E2,Response,response
Kantner_2012_E2,Accuracy,accuracy
Kantner_2012_E2,Confidence,confidence
Kantner_2012_E2,RT_decConf,rt_combined
Kantner_2012_E2,Raw_Response,other
Kantner_2012_E3,Subj_idx,subj_idx
Kantner_2012_E3,Stimulus,stimulus
Kantner_2012_E3,StimulusType,stimulus
Kantner_2012_E3,Response,response
Kantner_2012_E3,Accuracy,accuracy
Kantner_2012_E3,Confidence,confidence
Kantner_2012_E3,RT_decConf,rt_combined
Kantner_2012_E3,Condition,condition
Kantner_2012_E3,Raw_Response,other
Kantner_2012_E4,Subj_idx,subj_idx
Kantner_2012_E4,Stimulus,stimulus
Kantner_2012_E4,StimulusType,stimulus
Kantner_2012_E4,Response,response
Kantner_2012_E4,Accuracy,accuracy
Kantner_2012_E4,Confidence,confidence
Kantner_2012_E4,RT_decConf,rt_combined
Kantner_2012_E4,Raw_Response,other
Kantner_2014_E1,Subj_idx,subj_idx
Kantner_2014_E1,Stimulus,stimulus
Kantner_2014_E1,StimulusType,stimulus
Kantner_2014_E1,Response,response
Kantner_2014_E1,Accuracy,accuracy
Kantner_2014_E1,Confidence,confidence
Kantner_2014_E1,RT_decConf,rt_combined
Kantner_2014_E1,Raw_Response,other
Kantner_2014_E2,Subj_idx,subj_idx
Kantner_2014_E2,Stimulus,stimulus
Kantner_2014_E2,StimulusType,stimulus
Kantner_2014_E2,Response,response
Kantner_2014_E2,Accuracy,accuracy
Kantner_2014_E2,Confidence,confidence
Kantner_2014_E2,RT_dec,rt_decision
Kantner_2014_E2,RT_conf,rt_confidence
Kantner_unpub1,Subj_idx,subj_idx
Kantner_unpub1,Stimulus,stimulus
Kantner_unpub1,StimulusType,stimulus
Kantner_unpub1,Response,response
Kantner_unpub1,Accuracy,accuracy
Kantner_unpub1,Confidence,confidence
Kantner_unpub1,RT_decConf,rt_combined
Kantner_unpub1,Raw_Response,other
Kantner_unpub2,Subj_idx,subj_idx
Kantner_unpub2,Stimulus,stimulus
Kantner_unpub2,StimulusType,stimulus
Kantner_unpub2,Response,response
Kantner_unpub2,Accuracy,accuracy
Kantner_unpub2,Confidence,confidence
Kantner_unpub2,RT_decConf,rt_combined
Kantner_unpub2,Condition,condition
Kantner_unpub2,Raw_Response,other
Konishi_2019,Subj_idx,subj_idx
Konishi_2019,Stimulus_Motion,stimulus
Konishi_2019,Stimulus_Color,stimulus
Konishi_2019,Response_Motion,response
Konishi_2019,Response_Color,response
Konishi_2019,Accuracy_Motion,accuracy
Konishi_2019,Accuracy_Color,accuracy
Konishi_2019,Confidence_Motion,confidence
Konishi_2019,Confidence_Color,confidence
Konishi_2019,RT_dec_Motion,rt_decision
Konishi_2019,RT_dec_Color,rt_decision
Konishi_2019,blockstart,rt_other
Konishi_2019,task,condition
Konishi_2019,condition,condition
Konishi_2019,Coherence_Motion,difficulty
Konishi_2019,Difficulty_Color,difficulty
Konishi_2019,Trial_Number,trial_info
Konishi_2019,exp,other
Kreis_2019,Subj_idx,subj_idx
Kreis_2019,Stimulus,stimulus
Kreis_2019,Response,response
Kreis_2019,Response_angle_in_degrees,response
Kreis_2019,Response_raw_in_degrees,response
Kreis_2019,Confidence,confidence
Kreis_2019,RT_dec,rt_decision
Kreis_2019,RT_conf,rt_confidence
Kreis_2019,RT_start_trial,rt_other
Kreis_2019,Trial_number,trial_info
Kreis_2019,Time_finish,other
Kvam_2015_ch,Subj_idx,subj_idx
Kvam_2015_ch,Stimulus,stimulus
Kvam_2015_ch,Response,response
Kvam_2015_ch,Confidence,confidence
Kvam_2015_ch,RT_dec,rt_decision
Kvam_2015_ch,RT_conf,rt_confidence
Kvam_2015_ch,Coherence,difficulty
Kvam_2015_ch,Prompt_time,other
Kvam_2015_nc,Subj_idx,subj_idx
Kvam_2015_nc,Stimulus,stimulus
Kvam_2015_nc,Response,response
Kvam_2015_nc,Confidence,confidence
Kvam_2015_nc,RT_decConf,rt_combined
Kvam_2015_nc,Coherence,difficulty
Kvam_2015_nc,Prompt_time,other
Kvam_2016,Subj_idx,subj_idx
Kvam_2016,Stimulus,stimulus
Kvam_2016,Response,response
Kvam_2016,Confidence,confidence
Kvam_2016,RT_decConf,rt_combined
Kvam_2016,DotProportion,rt_other
Kvam_2016,DotNumber,other
Law_unpub,Subj_idx,subj_idx
Law_unpub,Stimulus,stimulus
Law_unpub,Response,response
Law_unpub,Confidence,confidence
Law_unpub,RT_decConf,rt_combined
Law_unpub,coherence,difficulty
Law_unpub,blocki,trial_info
Law_unpub,triali,trial_info
Law_unpub,keypress,other
Law_unpub,coh_level,other
Law_unpub,isCalibTrial,other
Law_unpub,stairID,other
Law_unpub,accTarget,other
Lebreton_2018,Subj_idx,subj_idx
Lebreton_2018,Stimulus,stimulus
Lebreton_2018,Response,response
Lebreton_2018,accuracy,accuracy
Lebreton_2018,Confidence,confidence
Lebreton_2018,RT_dec,rt_decision
Lebreton_2018,block,trial_info
Lebreton_2018,trial_in_block,trial_info
Lebreton_2018,stim1,other
Lebreton_2018,stim2,other
Lebreton_2018,incentive,other
Lebreton_2018,feeback_performance,other
Lebreton_2018,feedback_lottery,other
Lempert_2015,Subj_idx,subj_idx
Lempert_2015,Stimulus,stimulus
Lempert_2015,Response,response
Lempert_2015,Accuracy,accuracy
Lempert_2015,Confidence,confidence
Lempert_2015,RT_dec,rt_decision
Lempert_2015,Coherence,difficulty
Lindsay_2014,Subj_idx,subj_idx
Lindsay_2014,Stimulus,stimulus
Lindsay_2014,StimulusType,stimulus
Lindsay_2014,Response,response
Lindsay_2014,Accuracy,accuracy
Lindsay_2014,Confidence,confidence
Lindsay_2014,RT_decConf,rt_combined
Lindsay_2014,Condition,condition
Lindsay_2014,Raw_Response,other
Lo_unpub,Subj_idx,subj_idx
Lo_unpub,Stimulus,stimulus
Lo_unpub,Response,response
Lo_unpub,Accuracy,accuracy
Lo_unpub,Confidence,confidence
Lo_unpub,RT_dec,rt_decision
Lo_unpub,RT_conf,rt_confidence
Lo_unpub,Condition,condition
Lo_unpub,Contrast,difficulty
Lo_unpub,Side,other
Locke_2020,Subj_idx,subj_idx
Locke_2020,Stimulus,stimulus
Locke_2020,Response,response
Locke_2020,Confidence,confidence
Locke_2020,RT_dec,rt_decision
Locke_2020,RT_conf,rt_confidence
Locke_2020,Condition,condition
Locke_2020,Difficulty,difficulty
Locke_2020,Session,trial_info
Locke_2020,Trial_in_block,trial_info
Locke_2020,Training,other
Locke_2020,Subject_info,other
Maniscalco_2017_expt1,Subj_idx,subj_idx
Maniscalco_2017_expt1,Stimulus,stimulus
Maniscalco_2017_expt1,Response,response
Maniscalco_2017_expt1,Confidence,confidence
Maniscalco_2017_expt1,RT_dec,rt_decision
Maniscalco_2017_expt1,RT_conf,rt_confidence
Maniscalco_2017_expt1,Contrast,difficulty
Maniscalco_2017_expt1,BlockNumber,trial_info
Maniscalco_2017_expt2,Subj_idx,subj_idx
Maniscalco_2017_expt2,Stimulus,stimulus
Maniscalco_2017_expt2,Response,response
Maniscalco_2017_expt2,Confidence,confidence
Maniscalco_2017_expt2,RT_dec,rt_decision
Maniscalco_2017_expt2,RT_conf,rt_confidence
Maniscalco_2017_expt2,Contrast,difficulty
Maniscalco_2017_expt2,ContrastLevel,difficulty
Maniscalco_2017_expt2,BlockNumber,trial_info
Maniscalco_2017_expt3,Subj_idx,subj_idx
Maniscalco_2017_expt3,Stimulus,stimulus
Maniscalco_2017_expt3,Response,response
Maniscalco_2017_expt3,Confidence,confidence
Maniscalco_2017_expt3,RT_dec,rt_decision
Maniscalco_2017_expt3,RT_conf,rt_confidence
Maniscalco_2017_expt3,Contrast,difficulty
Maniscalco_2017_expt3,BlockNumber,trial_info
Maniscalco_2017_expt3,BlockType,trial_info
Maniscalco_2017_expt3,ConfCollected,other
Maniscalco_2017_expt4,Subj_idx,subj_idx
Maniscalco_2017_expt4,Stimulus,stimulus
Maniscalco_2017_expt4,Response,response
Maniscalco_2017_expt4,Confidence,confidence
Maniscalco_2017_expt4,RT_dec,rt_decision
Maniscalco_2017_expt4,RT_conf,rt_confidence
Maniscalco_2017_expt4,Contrast,difficulty
Maniscalco_2017_expt4,BlockNumber,trial_info
Maniscalco_2017_expt4,BlockType,trial_info
Maniscalco_2017_expt4,ConfCollected,other
Maniscalco_2017_expt4,Points,other
Martin_unpub,Subj_idx,subj_idx
Martin_unpub,Stimulus,stimulus
Martin_unpub,Response,response
Martin_unpub,Accuracy,accuracy
Martin_unpub,Confidence,confidence
Martin_unpub,RT_decConf,rt_combined
Martin_unpub,Condition,condition
Martin_unpub,Contrast,difficulty
Martin_unpub,Gender,other
Martin_unpub,Age,other
Massoni_2017,Subj_idx,subj_idx
Massoni_2017,Stimulus,stimulus
Massoni_2017,Response,response
Massoni_2017,Accuracy,accuracy
Massoni_2017,Confidence,confidence
Massoni_2017,RT_dec,rt_decision
Massoni_2017,RT_conf,rt_confidence
Massoni_2017,Difficulty,difficulty
Massoni_2017,Feedback,other
Massoni_2017,Study,other
Massoni_unpub,Subj_idx,subj_idx
Massoni_unpub,Stimulus,stimulus
Massoni_unpub,Response,response
Massoni_unpub,Accuracy,accuracy
Massoni_unpub,Confidence,confidence
Massoni_unpub,RT_dec,rt_decision
Massoni_unpub,RT_conf,rt_confidence
Massoni_unpub,Difficulty,difficulty
Massoni_unpub,Feedback,other
Massoni_unpub,Study,other
Matthews_2018_exp1,Subj_idx,subj_idx
Matthews_2018_exp1,Stimulus_1,stimulus
Matthews_2018_exp1,Stimulus_2,stimulus
Matthews_2018_exp1,Response_1,response
Matthews_2018_exp1,Response_2,response
Matthews_2018_exp1,Accuracy_1,accuracy
Matthews_2018_exp1,Accuracy_2,accuracy
Matthews_2018_exp1,Confidence_1,confidence
Matthews_2018_exp1,Confidence_2,confidence
Matthews_2018_exp1,RT_decConf_1,rt_combined
Matthews_2018_exp1,RT_decConf_2,rt_combined
Matthews_2018_exp1,Condition_Attention,condition
Matthews_2018_exp1,Task,condition
Matthews_2018_exp1,SOA_1,other
Matthews_2018_exp1,SOA_2,other
Matthews_2018_exp1,Training,other
Matthews_2018_exp2,Subj_idx,subj_idx
Matthews_2018_exp2,Stimulus_1,stimulus
Matthews_2018_exp2,Stimulus_2,stimulus
Matthews_2018_exp2,Response_1,response
Matthews_2018_exp2,Response_2,response
Matthews_2018_exp2,Accuracy_1,accuracy
Matthews_2018_exp2,Accuracy_2,accuracy
Matthews_2018_exp2,Confidence_1,confidence
Matthews_2018_exp2,Confidence_2,confidence
Matthews_2018_exp2,RT_decConf_1,rt_combined
Matthews_2018_exp2,RT_decConf_2,rt_combined
Matthews_2018_exp2,Condition_Report,rt_other
Matthews_2018_exp2,Condition_Attention,condition
Matthews_2018_exp2,Task,condition
Matthews_2018_exp2,SOA_1,other
Matthews_2018_exp2,SOA_2,other
Matthews_2018_exp2,Training,other
Matthews_2019,Subj_idx,subj_idx
Matthews_2019,Stimulus,stimulus
Matthews_2019,Response,response
Matthews_2019,Accuracy,accuracy
Matthews_2019,Confidence,confidence
Matthews_2019,RT_decConf,rt_combined
Matthews_2019,Condition_Scene,condition
Matthews_2019,Condition_Orientation,condition
Matthews_2019,Task,condition
Matthews_2019,Trial_length,trial_info
Matthews_2019,Lag,other
Matthews_unpub,Subj_idx,subj_idx
Matthews_unpub,Stimulus_1,stimulus
Matthews_unpub,Stimulus_2,stimulus
Matthews_unpub,Response_0,response
Matthews_unpub,Response_2,response
Matthews_unpub,Accuracy_1,accuracy
Matthews_unpub,Accuracy_2,accuracy
Matthews_unpub,Confidence_1,confidence
Matthews_unpub,Confidence_2,confidence
Matthews_unpub,RT_decConf_1,rt_combined
Matthews_unpub,Condition_Attention,condition
Matthews_unpub,Condition_Expectations,condition
Matthews_unpub,Task,condition
Matthews_unpub,Contrast_1,difficulty
Matthews_unpub,SOA_2,other
Matthews_unpub,Training,other
Matthews_unpub,Group,other
Mazancieux_2018,Subj_idx,subj_idx
Mazancieux_2018,Stimulus,stimulus
Mazancieux_2018,Response,response
Mazancieux_2018,Confidence,confidence
Mazancieux_2018,RT_decision,rt_decision
Mazancieux_2018,RT_confidence,rt_confidence
Mazancieux_2018,Task,condition
Mazor_2020,Subj_idx,subj_idx
Mazor_2020,Stimulus,stimulus
Mazor_2020,Response,response
Mazor_2020,Accuracy,accuracy
Mazor_2020,Confidence,confidence
Mazor_2020,RT_dec,rt_decision
Mazor_2020,Condition,condition
Mazor_2020,Contrast,difficulty
Mazor_2020,Conf_presses,other
Mazor_2020,Orientation,other
Mazor_2021_Expt1,Subj_idx,subj_idx
Mazor_2021_Expt1,Stimulus,stimulus
Mazor_2021_Expt1,Response,response
Mazor_2021_Expt1,Accuracy,accuracy
Mazor_2021_Expt1,Confidence,confidence
Mazor_2021_Expt1,RT_dec,rt_decision
Mazor_2021_Expt1,RT_conf,rt_confidence
Mazor_2021_Expt1,Trial,trial_info
Mazor_2021_Expt1,SOA,other
Mazor_2021_Expt2,Subj_idx,subj_idx
Mazor_2021_Expt2,Stimulus,stimulus
Mazor_2021_Expt2,Response,response
Mazor_2021_Expt2,Accuracy,accuracy
Mazor_2021_Expt2,Confidence,confidence
Mazor_2021_Expt2,RT_dec,rt_decision
Mazor_2021_Expt2,RT_conf,rt_confidence
Mazor_2021_Expt2,Trial,trial_info
Mazor_2021_Expt2,SOA,other
Mazor_2021_Expt3,Subj_idx,subj_idx
Mazor_2021_Expt3,Stimulus,stimulus
Mazor_2021_Expt3,Response,response
Mazor_2021_Expt3,Accuracy,accuracy
Mazor_2021_Expt3,Confidence,confidence
Mazor_2021_Expt3,RT_dec,rt_decision
Mazor_2021_Expt3,RT_conf,rt_confidence
Mazor_2021_Expt3,Trial,trial_info
Mazor_2021_Expt3,SOA,other
Mazor_2021_Expt4,Subj_idx,subj_idx
Mazor_2021_Expt4,Stimulus,stimulus
Mazor_2021_Expt4,Response,response
Mazor_2021_Expt4,Accuracy,accuracy
Mazor_2021_Expt4,Confidence,confidence
Mazor_2021_Expt4,RT_dec,rt_decision
Mazor_2021_Expt4,RT_conf,rt_confidence
Mazor_2021_Expt4,Trial,trial_info
Mazor_2021_Expt4,SOA,other
Mazor_2021_Expt5,Subj_idx,subj_idx
Mazor_2021_Expt5,Stimulus,stimulus
Mazor_2021_Expt5,Response,response
Mazor_2021_Expt5,Accuracy,accuracy
Mazor_2021_Expt5,Confidence,confidence
Mazor_2021_Expt5,RT_dec,rt_decision
Mazor_2021_Expt5,RT_conf,rt_confidence
Mazor_2021_Expt5,Trial,trial_info
Mazor_2021_Expt5,SOA,other
Mazor_2021_Expt6,Subj_idx,subj_idx
Mazor_2021_Expt6,Stimulus,stimulus
Mazor_2021_Expt6,Response,response
Mazor_2021_Expt6,Accuracy,accuracy
Mazor_2021_Expt6,Confidence,confidence
Mazor_2021_Expt6,RT_dec,rt_decision
Mazor_2021_Expt6,RT_conf,rt_confidence
Mazor_2021_Expt6,Trial,trial_info
Mazor_2021_Expt6,SOA,other
Mazor_2021_Expt7,Subj_idx,subj_idx
Mazor_2021_Expt7,Stimulus,stimulus
Mazor_2021_Expt7,Response,response
Mazor_2021_Expt7,Accuracy,accuracy
Mazor_2021_Expt7,Confidence,confidence
Mazor_2021_Expt7,RT_dec,rt_decision
Mazor_2021_Expt7,RT_conf,rt_confidence
Mazor_2021_Expt7,Trial,trial_info
Mazor_2021_Expt7,SOA,other
Mei_2019_Exp1,Subj_idx,subj_idx
Mei_2019_Exp1,Stimulus,stimulus
Mei_2019_Exp1,Response,response
Mei_2019_Exp1,Accuracy,accuracy
Mei_2019_Exp1,Confidence,confidence
Mei_2019_Exp1,RT_dec,rt_decision
Mei_2019_Exp1,RT_conf,rt_confidence
Mei_2019_Exp1,RT_aware,rt_other
Mei_2019_Exp1,Trial_count,trial_info
Mei_2019_Exp1,Block_count,trial_info
Mei_2019_Exp1,Awareness,other
Mei_2019_Exp1,Prediction_Success,other
Mei_2019_Exp2,Subj_idx,subj_idx
Mei_2019_Exp2,Stimulus,stimulus
Mei_2019_Exp2,Response,response
Mei_2019_Exp2,Accuracy,accuracy
Mei_2019_Exp2,Confidence,confidence
Mei_2019_Exp2,RT_dec,rt_decision
Mei_2019_Exp2,RT_conf,rt_confidence
Mei_2019_Exp2,RT_aware,rt_other
Mei_2019_Exp2,Trial_count,trial_info
Mei_2019_Exp2,Block_count,trial_info
Mei_2019_Exp2,Awareness,other
Mei_2019_Exp2,Attention_Decision,other
OHora_2017,Subj_idx,subj_idx
OHora_2017,Stimulus,stimulus
OHora_2017,Response,response
OHora_2017,Accuracy,accuracy
OHora_2017,Confidence,confidence
OHora_2017,RT_dec,rt_decision
OHora_2017,RT_conf,rt_confidence
OHora_2017,Coherence,difficulty
OHora_2017,Training,other
OHora_unpub_1,Subj_idx,subj_idx
OHora_unpub_1,Stimulus,stimulus
OHora_unpub_1,Response,response
OHora_unpub_1,Accuracy,accuracy
OHora_unpub_1,Confidence,confidence
OHora_unpub_1,RT_dec,rt_decision
OHora_unpub_1,RT_conf,rt_confidence
OHora_unpub_1,Coherence,difficulty
OHora_unpub_1,Training,other
OHora_unpub_1,cond,other
OHora_unpub_1,Int.Block,other
OHora_unpub_1,five_s_to,other
OHora_unpub_1,exclude_subj,other
OHora_unpub_2,Subj_idx,subj_idx
OHora_unpub_2,Stimulus,stimulus
OHora_unpub_2,Response,response
OHora_unpub_2,Accuracy,accuracy
OHora_unpub_2,Confidence,confidence
OHora_unpub_2,RT_dec,rt_decision
OHora_unpub_2,RT_conf,rt_confidence
OHora_unpub_2,Coherence,difficulty
OHora_unpub_2,Training,other
OHora_unpub_2,exclude_subj,other
Palser_2018,Subj_idx,subj_idx
Palser_2018,Stimulus,stimulus
Palser_2018,Response,response
Palser_2018,Confidence,confidence
Palser_2018,RT_dec,rt_decision
Palser_2018,RT_conf,rt_confidence
Palser_2018,Condition,condition
Palser_2018,Contrast,difficulty
Paulewicz_unpub1,Subj_idx,subj_idx
Paulewicz_unpub1,Stimulus,stimulus
Paulewicz_unpub1,Response,response
Paulewicz_unpub1,Confidence,confidence
Paulewicz_unpub1,Difficulty,difficulty
Paulewicz_unpub1,Item,other
Paulewicz_unpub2,Subj_idx,subj_idx
Paulewicz_unpub2,Stimulus,stimulus
Paulewicz_unpub2,Response,response
Paulewicz_unpub2,Accuracy,accuracy
Paulewicz_unpub2,Confidence,confidence
Paulewicz_unpub2,RT_dec,rt_decision
Paulewicz_unpub2,Difficulty,difficulty
Paulewicz_unpub2,Order,other
Paulewicz_unpub3,Subj_idx,subj_idx
Paulewicz_unpub3,Stimulus,stimulus
Paulewicz_unpub3,Response,response
Paulewicz_unpub3,Accuracy,accuracy
Paulewicz_unpub3,Confidence,confidence
Paulewicz_unpub3,RT_dec,rt_decision
Paulewicz_unpub3,Difficulty,difficulty
Paulewicz_unpub3,Order,other
Paulewicz_unpub4,Subj_idx,subj_idx
Paulewicz_unpub4,Stimulus,stimulus
Paulewicz_unpub4,Response,response
Paulewicz_unpub4,Accuracy,accuracy
Paulewicz_unpub4,Confidence,confidence
Paulewicz_unpub4,RT_dec,rt_decision
Paulewicz_unpub4,Condition,condition
Paulewicz_unpub4,Difficulty,difficulty
Pereira_2018,Subj_idx,subj_idx
Pereira_2018,Stimulus,stimulus
Pereira_2018,Response,response
Pereira_2018,Confidence,confidence
Pereira_2018,RT_dec,rt_decision
Pereira_2018,RT_conf,rt_confidence
Pereira_2018,Ease,other
Peters_unpub,Subj_idx,subj_idx
Peters_unpub,Stimulus,stimulus
Peters_unpub,Response,response
Peters_unpub,Confidence,confidence
Peters_unpub,RT_dec,rt_decision
Peters_unpub,RT_conf,rt_confidence
Peters_unpub,Condition,condition
Peters_unpub,Difference,other
Prieto_unpub,Subj_idx,subj_idx
Prieto_unpub,Stimulus,stimulus
Prieto_unpub,Response,response
Prieto_unpub,Accuracy,accuracy
Prieto_unpub,Confidence,confidence
Prieto_unpub,RT_dec,rt_decision
Prieto_unpub,RT_conf,rt_confidence
Prieto_unpub,Contrast,difficulty
Rahnev_2013,Subj_idx,subj_idx
Rahnev_2013,Stimulus,stimulus
Rahnev_2013,Response,response
Rahnev_2013,Confidence,confidence
Rahnev_2013,RT_decConf,rt_combined
Rahnev_2013,Condition,condition
Rahnev_2013,Contrast,difficulty
data_Rahnev_2021,Stimulus,stimulus
data_Rahnev_2021,Response,response
data_Rahnev_2021,Accuracy,accuracy
data_Rahnev_2021,Confidence,confidence
data_Rahnev_2021,RT_dec,rt_decision
data_Rahnev_2021,RT_conf,rt_confidence
data_Rahnev_2021,Condition,condition
data_Rahnev_2021,subject_id,other
data_Rahnev_2021,stimAngle,other
Rausch_2014,Subj_idx,subj_idx
Rausch_2014,Stimulus,stimulus
Rausch_2014,Response,response
Rausch_2014,Accuracy,accuracy
Rausch_2014,Confidence,confidence
Rausch_2014,RT_dec,rt_decision
Rausch_2014,RT_conf,rt_confidence
Rausch_2014,coherence,difficulty
Rausch_2014,Training,other
Rausch_2014,Scale,other
Rausch_2016,Subj_idx,subj_idx
Rausch_2016,Stimulus,stimulus
Rausch_2016,Response,response
Rausch_2016,Accuracy,accuracy
Rausch_2016,Confidence,confidence
Rausch_2016,RT_dec,rt_decision
Rausch_2016,contrast,difficulty
Rausch_2016,Visibility,other
Rausch_2016,Training,other
Rausch_2016,ScaleOrder,other
Rausch_2018_Expt1,Subj_idx,subj_idx
Rausch_2018_Expt1,Stimulus,stimulus
Rausch_2018_Expt1,Response,response
Rausch_2018_Expt1,Accuracy,accuracy
Rausch_2018_Expt1,Confidence,confidence
Rausch_2018_Expt1,RT_decConf,rt_combined
Rausch_2018_Expt1,difficulty,difficulty
Rausch_2018_Expt1,Training,other
Rausch_2018_Expt2,Subj_idx,subj_idx
Rausch_2018_Expt2,Stimulus,stimulus
Rausch_2018_Expt2,Response,response
Rausch_2018_Expt2,Accuracy,accuracy
Rausch_2018_Expt2,Confidence,confidence
Rausch_2018_Expt2,RT_dec,rt_decision
Rausch_2018_Expt2,RT_conf,rt_confidence
Rausch_2018_Expt2,difficulty,difficulty
Rausch_2018_Expt2,Training,other
Rausch_2020,Subj_idx,subj_idx
Rausch_2020,Stimulus,stimulus
Rausch_2020,Response,response
Rausch_2020,Accuracy,accuracy
Rausch_2020,Confidence,confidence
Rausch_2020,RT_dec,rt_decision
Rausch_2020,RT_conf,rt_confidence
Rausch_2020,SOA,other
Rausch_2020,Training,other
Recht_unpub,Subj_idx,subj_idx
Recht_unpub,Stimulus,stimulus
Recht_unpub,Response,response
Recht_unpub,Confidence,confidence
Recht_unpub,RT_dec,rt_decision
Recht_unpub,Validity,other
Recht_unpub,CTOA,other
Recht_unpub,Cue_position,other
Reyes_2015,Subj_idx,subj_idx
Reyes_2015,Stimulus,stimulus
Reyes_2015,Response,response
Reyes_2015,Accuracy,accuracy
Reyes_2015,Confidence,confidence
Reyes_2015,RT_dec,rt_decision
Reyes_2015,RT_conf,rt_confidence
Reyes_2015,Contrast,difficulty
Reyes_2015,Training,other
Reyes_unpub,Subj_idx,subj_idx
Reyes_unpub,Stimulus,stimulus
Reyes_unpub,Response,response
Reyes_unpub,Accuracy,accuracy
Reyes_unpub,Confidence,confidence
Reyes_unpub,RT_dec,rt_decision
Reyes_unpub,RT_conf,rt_confidence
Reyes_unpub,Condition,condition
Reyes_unpub,Contrast,difficulty
Rouault_2018_Expt1,Subj_idx,subj_idx
Rouault_2018_Expt1,Stimulus,stimulus
Rouault_2018_Expt1,Response,response
Rouault_2018_Expt1,Accuracy,accuracy
Rouault_2018_Expt1,Confidence,confidence
Rouault_2018_Expt1,RT_dec,rt_decision
Rouault_2018_Expt1,DotDiff,other
Rouault_2018_Expt2,Subj_idx,subj_idx
Rouault_2018_Expt2,Stimulus,stimulus
Rouault_2018_Expt2,Response,response
Rouault_2018_Expt2,Accuracy,accuracy
Rouault_2018_Expt2,Confidence,confidence
Rouault_2018_Expt2,RT_dec,rt_decision
Rouault_2018_Expt2,DotDiff,other
Rouault_2019,Subj_idx,subj_idx
Rouault_2019,Stimulus,stimulus
Rouault_2019,Response,response
Rouault_2019,Accuracy,accuracy
Rouault_2019,Confidence,confidence
Rouault_2019,RT_dec,rt_decision
Rouault_2019,RT_conf,rt_confidence
Rouault_2019,DotDiff,other
Rouault_2020,Subj_idx,subj_idx
Rouault_2020,Stimulus,stimulus
Rouault_2020,Response,response
Rouault_2020,Accuracy,accuracy
Rouault_2020,Confidence,confidence
Rouault_2020,RT_dec,rt_decision
Rouault_2020,RT_conf,rt_confidence
Rouault_2020,Difficulty,difficulty
Sadeghi_2017_memory,Subj_idx,subj_idx
Sadeghi_2017_memory,Stimulus,stimulus
Sadeghi_2017_memory,Response,response
Sadeghi_2017_memory,Confidence,confidence
Sadeghi_2017_memory,RT_dec,rt_decision
Sadeghi_2017_memory,RT_conf,rt_confidence
Sadeghi_2017_memory,group,other
Sadeghi_2017_perception,Subj_idx,subj_idx
Sadeghi_2017_perception,Stimulus,stimulus
Sadeghi_2017_perception,Response,response
Sadeghi_2017_perception,Confidence,confidence
Sadeghi_2017_perception,RT_dec,rt_decision
Sadeghi_2017_perception,RT_conf,rt_confidence
Sadeghi_2017_perception,contrast_difference,difficulty
Sadeghi_2017_perception,group,other
Samaha_2016,Subj_idx,subj_idx
Samaha_2016,Stimulus,stimulus
Samaha_2016,Response,response
Samaha_2016,Accuracy,accuracy
Samaha_2016,Confidence,confidence
Samaha_2016,RT_dec,rt_decision
Samaha_2016,Condition,condition
Samaha_2016,Task,condition
Samaha_2016,Block,trial_info
Samaha_2016,Load,other
Samaha_2017_exp1,Subj_idx,subj_idx
Samaha_2017_exp1,Stimulus,stimulus
Samaha_2017_exp1,Response,response
Samaha_2017_exp1,Confidence,confidence
Samaha_2017_exp1,RT_dec,rt_decision
Samaha_2017_exp1,Condition,condition
Samaha_2017_exp1,Task,condition
Samaha_2017_exp1,Block,trial_info
Samaha_2017_exp1,Error,other
Samaha_2017_exp2,Subj_idx,subj_idx
Samaha_2017_exp2,Stimulus,stimulus
Samaha_2017_exp2,Response,response
Samaha_2017_exp2,Confidence,confidence
Samaha_2017_exp2,RT_dec,rt_decision
Samaha_2017_exp2,Condition,condition
Samaha_2017_exp2,Error,other
Samaha_2017_exp2,Delay,other
Samaha_2017_exp3,Subj_idx,subj_idx
Samaha_2017_exp3,Stimulus,stimulus
Samaha_2017_exp3,Response,response
Samaha_2017_exp3,Confidence,confidence
Samaha_2017_exp3,RT_dec,rt_decision
Samaha_2017_exp3,Task,condition
Samaha_2017_exp3,Contrast_stair,difficulty
Schmidt_2019_memory,Subj_idx,subj_idx
Schmidt_2019_memory,Stimulus,stimulus
Schmidt_2019_memory,Response,response
Schmidt_2019_memory,Accuracy,accuracy
Schmidt_2019_memory,Confidence,confidence
Schmidt_2019_memory,RT_dec,rt_decision
Schmidt_2019_memory,RT_conf,rt_confidence
Schmidt_2019_memory,Condition,condition
Schmidt_2019_perception,Subj_idx,subj_idx
Schmidt_2019_perception,Stimulus,stimulus
Schmidt_2019_perception,Response,response
Schmidt_2019_perception,Accuracy,accuracy
Schmidt_2019_perception,Confidence,confidence
Schmidt_2019_perception,RT_dec,rt_decision
Schmidt_2019_perception,RT_conf,rt_confidence
Schmidt_2019_perception,Condition,condition
Schmidt_2019_perception,Contrast,difficulty
Schurgin_2018,Subj_idx,subj_idx
Schurgin_2018,Stimulus,stimulus
Schurgin_2018,Response,response
Schurgin_2018,Accuracy,accuracy
Schurgin_2018,Confidence,confidence
Schurgin_2018,RT_dec,rt_decision
Schurgin_2018,Setsize,other
Schurgin_2018,TargetColor,other
Schurgin_2018,TestColor,other
Schurgin_2018,Distractor1Color,other
Schurgin_2018,Distractor2Color,other
Schurgin_2018,Distractor3Color,other
Schurgin_2018,Distractor4Color,other
Schurgin_2018,Distractor5Color,other
Seow_2019,Subj_idx,subj_idx
Seow_2019,Response,response
Seow_2019,Accuracy,accuracy
Seow_2019,Confidence,confidence
Seow_2019,RT_dec,rt_decision
Seow_2019,RT_conf,rt_confidence
Seow_2019,RT_Trial,rt_other
Seow_2019,ParticleDistMean,rt_other
Seow_2019,ParticleShoot,rt_other
Seow_2019,NumCondition,condition
Seow_2019,Condition,condition
Seow_2019,TaskResets,condition
Seow_2019,TrialReward,trial_info
Seow_2019,NumTrial,other
Seow_2019,NTrialInCond,other
Seow_2019,NumBlock,other
Seow_2019,NumTrialinBlock,other
Seow_2019,HazRate,other
Seow_2019,ChangePoint,other
Seow_2019,ConfOri,other
Seow_2019,TotalReward,other
Seow_2019,Age,other
Seow_2019,Gender,other
Seow_2019,QnTrap,other
Seow_2019,IQ,other
Seow_2019,Cigrette,other
Seow_2019,Alcohol,other
Seow_2019,Apathy,other
Seow_2019,Impusivity,other
Seow_2019,EatingDis,other
Seow_2019,SocialAnx,other
Seow_2019,OCD,other
Seow_2019,Schizotypy,other
Seow_2019,Depression,other
Seow_2019,TraitAnx,other
Shekhar_2018,Subj_idx,subj_idx
Shekhar_2018,Stimulus,stimulus
Shekhar_2018,Response,response
Shekhar_2018,Confidence,confidence
Shekhar_2018,RT_decConf,rt_combined
Shekhar_2018,Contrast,difficulty
Shekhar_2018,TMSsite,other
Shekhar_2021,Subj_idx,subj_idx
Shekhar_2021,Stimulus,stimulus
Shekhar_2021,Response,response
Shekhar_2021,Confidence,confidence
Shekhar_2021,RT_decConf,rt_combined
Shekhar_2021,Contrast,difficulty
Sherman_2016_JN,Subj_idx,subj_idx
Sherman_2016_JN,Stimulus,stimulus
Sherman_2016_JN,Response,response
Sherman_2016_JN,Accuracy,accuracy
Sherman_2016_JN,Confidence,confidence
Sherman_2016_JN,RT_dec,rt_decision
Sherman_2016_JN,RT_conf,rt_confidence
Sherman_2016_JN,Condition,condition
Sherman_2016_JN,Contrast,difficulty
Sherman_2016_JN,Visual_search_accuracy,other
Sherman_2016_JOCN,Subj_idx,subj_idx
Sherman_2016_JOCN,Stimulus,stimulus
Sherman_2016_JOCN,Response,response
Sherman_2016_JOCN,Accuracy,accuracy
Sherman_2016_JOCN,Confidence,confidence
Sherman_2016_JOCN,RT_dec,rt_decision
Sherman_2016_JOCN,RT_conf,rt_confidence
Sherman_2016_JOCN,Condition,condition
Sherman_2016_JOCN,Contrast,difficulty
Sherman_2016_JOCN,Session,trial_info
Sherman_2016_JOCN,Visual_search_accuracy,other
Sherman_unpub_Expt1,Subj_idx,subj_idx
Sherman_unpub_Expt1,Stimulus,stimulus
Sherman_unpub_Expt1,Response,response
Sherman_unpub_Expt1,Accuracy,accuracy
Sherman_unpub_Expt1,Confidence,confidence
Sherman_unpub_Expt1,RT_dec,rt_decision
Sherman_unpub_Expt1,Condition,condition
Sherman_unpub_Expt1,Contrast_pos_LowPE,difficulty
Sherman_unpub_Expt1,Contrast_neg_LowPE,difficulty
Sherman_unpub_Expt1,Contrast_noise_LowPE,difficulty
Sherman_unpub_Expt1,Contrast_pos_HighPE,difficulty
Sherman_unpub_Expt1,Contrast_neg_HighPE,difficulty
Sherman_unpub_Expt1,Contrast_noise_HighPE,difficulty
Sherman_unpub_Expt2,Subj_idx,subj_idx
Sherman_unpub_Expt2,Stimulus,stimulus
Sherman_unpub_Expt2,Response,response
Sherman_unpub_Expt2,Accuracy,accuracy
Sherman_unpub_Expt2,Confidence,confidence
Sherman_unpub_Expt2,RT_dec,rt_decision
Sherman_unpub_Expt2,Condition,condition
Sherman_unpub_Expt2,NoiseLevel,other
Sherman_unpub_Expt2,Mean_direction,other
Sherman_unpub_Expt2,SD_direction,other
Siedlecka_2016,Subj_idx,subj_idx
Siedlecka_2016,Stimulus,stimulus
Siedlecka_2016,Response,response
Siedlecka_2016,Accuracy,accuracy
Siedlecka_2016,Confidence,confidence
Siedlecka_2016,RT_dec,rt_decision
Siedlecka_2016,RT_conf,rt_confidence
Siedlecka_2016,Condition,condition
Siedlecka_2016,Trial,trial_info
Siedlecka_2016,Block,trial_info
Siedlecka_2016,Sol_letters,other
Siedlecka_2016,Tar_letters,other
Siedlecka_2016,Sol_freq,other
Siedlecka_2016,Tar_freq,other
Siedlecka_2016,Letter_changed,other
Siedlecka_2018_bioRxiv,Subj_idx,subj_idx
Siedlecka_2018_bioRxiv,Stimulus,stimulus
Siedlecka_2018_bioRxiv,Response,response
Siedlecka_2018_bioRxiv,Response_key,response
Siedlecka_2018_bioRxiv,Accuracy,accuracy
Siedlecka_2018_bioRxiv,Confidence,confidence
Siedlecka_2018_bioRxiv,RT_dec,rt_decision
Siedlecka_2018_bioRxiv,RT_covresp,rt_decision
Siedlecka_2018_bioRxiv,RT_conf,rt_confidence
Siedlecka_2018_bioRxiv,Condition,condition
Siedlecka_2018_bioRxiv,Difficulty,difficulty
Siedlecka_2018_bioRxiv,Trial,trial_info
Siedlecka_2018_bioRxiv,Solution,other
Siedlecka_2018_bioRxiv,Target,other
Siedlecka_2018_bioRxiv,Anagram,other
Siedlecka_2018_bioRxiv,Type_of_change,other
Siedlecka_2018_bioRxiv,Sol_letters,other
Siedlecka_2018_bioRxiv,Target_letters,other
Siedlecka_2019,Subj_idx,subj_idx
Siedlecka_2019,Stimulus,stimulus
Siedlecka_2019,Response,response
Siedlecka_2019,Response_key,response
Siedlecka_2019,Confidence,confidence
Siedlecka_2019,RT_dec,rt_decision
Siedlecka_2019,RT_conf,rt_confidence
Siedlecka_2019,Condition,condition
Siedlecka_2019,Trial_in_block,trial_info
Siedlecka_2019,Block,trial_info
Siedlecka_2019,Corr_resp,other
Siedlecka_2019,Scale_key,other
Siedlecka_2019,Age,other
Siedlecka_2019,Gender,other
Siedlecka_2019,Exp.name,other
Siedlecka_2019,Date,other
Siedlecka_2019_Exp1,Subj_idx,subj_idx
Siedlecka_2019_Exp1,Stimulus,stimulus
Siedlecka_2019_Exp1,Response,response
Siedlecka_2019_Exp1,Accuracy,accuracy
Siedlecka_2019_Exp1,Confidence,confidence
Siedlecka_2019_Exp1,RT_dec,rt_decision
Siedlecka_2019_Exp1,RT_conf,rt_confidence
Siedlecka_2019_Exp1,Condition,condition
Siedlecka_2019_Exp1,Block_type,condition
Siedlecka_2019_Exp2,Subj_idx,subj_idx
Siedlecka_2019_Exp2,Stimulus,stimulus
Siedlecka_2019_Exp2,Response,response
Siedlecka_2019_Exp2,Accuracy,accuracy
Siedlecka_2019_Exp2,Confidence,confidence
Siedlecka_2019_Exp2,RT_dec,rt_decision
Siedlecka_2019_Exp2,RT_conf,rt_confidence
Siedlecka_2019_Exp2,Condition,condition
Siedlecka_2019_Exp2,Block_type,condition
Siedlecka_2019_Exp2,Gender,other
Siedlecka_2019_Exp2,Age,other
Siedlecka_2021,Subj_idx,subj_idx
Siedlecka_2021,Stimulus,stimulus
Siedlecka_2021,Response,response
Siedlecka_2021,Accuracy,accuracy
Siedlecka_2021,Confidence,confidence
Siedlecka_2021,RT_dec,rt_decision
Siedlecka_2021,RT_conf,rt_confidence
Siedlecka_2021,Condition,condition
Siedlecka_2021,Difficulty,difficulty
Siedlecka_2021,Block,trial_info
Siedlecka_2021,Trial,trial_info
Siedlecka_2021,Gender,other
Siedlecka_2021,Age,other
Siedlecka_2021,Fix_time,other
Siedlecka_2021,Conf_key,other
Siedlecka_2021,L_dots,other
Siedlecka_2021,R_dots,other
Siedlecka_unpub,Subj_idx,subj_idx
Siedlecka_unpub,Stimulus,stimulus
Siedlecka_unpub,Response,response
Siedlecka_unpub,Accuracy,accuracy
Siedlecka_unpub,Confidence,confidence
Siedlecka_unpub,RT_dec,rt_decision
Siedlecka_unpub,RT_conf,rt_confidence
Siedlecka_unpub,Difficulty,difficulty
Siedlecka_unpub,Trial_in_block,trial_info
Sinanaj_2015,Subj_idx,subj_idx
Sinanaj_2015,Stimulus,stimulus
Sinanaj_2015,Response,response
Sinanaj_2015,Confidence,confidence
Sinanaj_2015,RT_dec,rt_decision
Sinanaj_2015,Angle perturbation,rt_other
Skora_2016,Subj_idx,subj_idx
Skora_2016,Stimulus,stimulus
Skora_2016,Response,response
Skora_2016,Accuracy,accuracy
Skora_2016,Confidence,confidence
Skora_2016,RT_dec,rt_decision
Skora_2016,RT_conf,rt_confidence
Skora_2016,Condition,condition
Skora_2016,trial,trial_info
Skora_2016,block,trial_info
Skora_2016,age,other
Skora_2016,female_male,other
Skora_2016,set_size,other
Skora_2016,target_position,other
Skora_unpub,Subj_idx,subj_idx
Skora_unpub,Stimulus,stimulus
Skora_unpub,Response,response
Skora_unpub,Accuracy,accuracy
Skora_unpub,Confidence,confidence
Skora_unpub,RT_dec,rt_decision
Skora_unpub,RT_conf,rt_confidence
Skora_unpub,Condition,condition
Skora_unpub,block,trial_info
Skora_unpub,trial,trial_info
Skora_unpub,date,other
Skora_unpub,age,other
Skora_unpub,setsize,other
Skora_unpub,cuePos,other
Skora_unpub,targetPos,other
Skora_unpub,prime1,other
Skora_unpub,prime2,other
Skora_unpub,prime3,other
Skora_unpub,prime4,other
Skora_unpub,prime5,other
Skora_unpub,prime6,other
Skora_unpub,target,other
Skora_unpub,changedTarget,other
Song_2011,Subj_idx,subj_idx
Song_2011,Stimulus,stimulus
Song_2011,Response,response
Song_2011,Confidence,confidence
Song_2011,RT_dec,rt_decision
Song_2011,RT_conf,rt_confidence
Song_2011,Task,condition
Song_2011,Difficulty,difficulty
Teuchies_2019,Subj_idx,subj_idx
Teuchies_2019,Stimulus,stimulus
Teuchies_2019,Response,response
Teuchies_2019,Accuracy,accuracy
Teuchies_2019,Confidence,confidence
Teuchies_2019,RT_dec,rt_decision
Teuchies_2019,RT_conf,rt_confidence
Teuchies_2019,Congruency,other
VanBoxtel_2019_Expt1,Subj_idx,subj_idx
VanBoxtel_2019_Expt1,Stimulus,stimulus
VanBoxtel_2019_Expt1,Response,response
VanBoxtel_2019_Expt1,Accuracy,accuracy
VanBoxtel_2019_Expt1,Confidence,confidence
VanBoxtel_2019_Expt1,RT_decConf,rt_combined
VanBoxtel_2019_Expt1,Trial,trial_info
VanBoxtel_2019_Expt1,NoiseLevel_Deg,other
VanBoxtel_2019_Expt1,WedgeClicked,other
VanBoxtel_2019_Expt1,MouseClick_x,other
VanBoxtel_2019_Expt1,MouseClick_y,other
VanBoxtel_2019_Expt1,FlippedWheel,other
VanBoxtel_2019_Expt1,AQ,other
VanBoxtel_2019_Expt1,Age,other
VanBoxtel_2019_Expt1,Sex,other
VanBoxtel_2019_Expt2,Subj_idx,subj_idx
VanBoxtel_2019_Expt2,Stimulus,stimulus
VanBoxtel_2019_Expt2,Response,response
VanBoxtel_2019_Expt2,Accuracy,accuracy
VanBoxtel_2019_Expt2,Confidence,confidence
VanBoxtel_2019_Expt2,RT_decConf,rt_combined
VanBoxtel_2019_Expt2,Trial,trial_info
VanBoxtel_2019_Expt2,NoiseLevel_Deg,other
VanBoxtel_2019_Expt2,WedgeClicked,other
VanBoxtel_2019_Expt2,MouseClick_x,other
VanBoxtel_2019_Expt2,MouseClick_y,other
VanBoxtel_2019_Expt2,FlippedWheel,other
VanBoxtel_2019_Expt2,AQ,other
VanBoxtel_2019_Expt2,Age,other
VanBoxtel_2019_Expt2,Sex,other
Wang_2017_NatComm,Subj_idx,subj_idx
Wang_2017_NatComm,Stimulus,stimulus
Wang_2017_NatComm,Response,response
Wang_2017_NatComm,Confidence,confidence
Wang_2017_NatComm,RT_dec,rt_decision
Wang_2017_NatComm,RT_conf,rt_confidence
Wang_2017_NatComm,Group,other
Wang_2017_Neuropsychologia,Subj_idx,subj_idx
Wang_2017_Neuropsychologia,Stimulus,stimulus
Wang_2017_Neuropsychologia,Response,response
Wang_2017_Neuropsychologia,Confidence,confidence
Wang_2017_Neuropsychologia,RT_dec,rt_decision
Wang_2017_Neuropsychologia,RT_conf,rt_confidence
Wang_2017_Neuropsychologia,Group,other
Wang_2018,Subj_idx,subj_idx
Wang_2018,Stimulus,stimulus
Wang_2018,Response,response
Wang_2018,Confidence,confidence
Wang_2018,RT_dec,rt_decision
Wang_2018,RT_conf,rt_confidence
Wang_2018,Condition,condition
Weidemann_2016,Subj_idx,subj_idx
Weidemann_2016,Stimulus,stimulus
Weidemann_2016,Response,response
Weidemann_2016,Confidence,confidence
Weidemann_2016,RT_dec,rt_decision
Weidemann_2016,session,trial_info
Weidemann_2016,test_list,other
Weidemann_2016,study_list,other
Weidemann_2016,item,other
Weidemann_2016,itemno,other
Weidemann_2016,recalled,other
Weidemann_2016,finalrecalled,other
Wierzchon_2012,Subj_idx,subj_idx
Wierzchon_2012,Stimulus,stimulus
Wierzchon_2012,Response,response
Wierzchon_2012,Confidence,confidence
Wierzchon_2012,Order,other
Wierzchon_2012,Scale,other
Wierzchon_2014,Subj_idx,subj_idx
Wierzchon_2014,Stimulus,stimulus
Wierzchon_2014,Response,response
Wierzchon_2014,Confidence,confidence
Wierzchon_2014,RT_dec,rt_decision
Wierzchon_2014,RT_conf,rt_confidence
Wierzchon_2014,Difficulty,difficulty
Wierzchon_2014,Block,trial_info
Wierzchon_2014,Order,other
Wierzchon_2014,Scale,other
Wierzchon_2019,Subj_idx,subj_idx
Wierzchon_2019,Stimulus,stimulus
Wierzchon_2019,Response,response
Wierzchon_2019,Confidence,confidence
Wierzchon_2019,RT_dec,rt_decision
Wierzchon_2019,RT_conf,rt_confidence
Wierzchon_2019,Condition,condition
Wierzchon_2019,Difficulty,difficulty
Xiang_2021,Subj_idx,subj_idx
Xiang_2021,Stimulus,stimulus
Xiang_2021,Response,response
Xiang_2021,Confidence,confidence
Xiang_2021,RT_dec,rt_decision
Xiang_2021,RT_conf,rt_confidence
Xiang_2021,Condition,condition
Xiang_2021,Block,trial_info
Xiang_2021,AveStim,other
Xiang_2021,Duration,other
Xu_2019_Exp1,Subj_idx,subj_idx
Xu_2019_Exp1,Stimulus,stimulus
Xu_2019_Exp1,Response,response
Xu_2019_Exp1,Confidence,confidence
Xu_2019_Exp1,RT_dec,rt_decision
Xu_2019_Exp1,RT_conf,rt_confidence
Xu_2019_Exp1,Condition,condition
Xu_2019_Exp1,Task,condition
Xu_2019_Exp1,Temporal_distance,other
Xu_2019_Exp2,Subj_idx,subj_idx
Xu_2019_Exp2,Stimulus,stimulus
Xu_2019_Exp2,Response,response
Xu_2019_Exp2,Confidence,confidence
Xu_2019_Exp2,RT_dec,rt_decision
Xu_2019_Exp2,RT_conf,rt_confidence
Xu_2019_Exp2,Condition,condition
Xu_2019_Exp2,Task,condition
Xu_2019_Exp2,Temporal_distance,other
Xue_2024_Exp2,Subj_idx,subj_idx
Xue_2024_Exp2,stimulus,stimulus
Xue_2024_Exp2,response,response
Xue_2024_Exp2,correct,accuracy
Xue_2024_Exp2,confidence,confidence
Xue_2024_Exp2,rt,rt_other
Xue_2024_Exp2,condition,condition
Xue_2024_Exp2,trial,trial_info
Xue_2024_Exp3,Subj_idx,subj_idx
Xue_2024_Exp3,stimulus,stimulus
Xue_2024_Exp3,response,response
Xue_2024_Exp3,correct,accuracy
Xue_2024_Exp3,confidence,confidence
Xue_2024_Exp3,rt,rt_other
Xue_2024_Exp3,condition,condition
Xue_2024_Exp3,trial,trial_info
Ye_2018,Subj_idx,subj_idx
Ye_2018,Stimulus,stimulus
Ye_2018,Response,response
Ye_2018,Accuracy,accuracy
Ye_2018,Confidence,confidence
Ye_2018,RT_dec,rt_decision
Ye_2018,RT_conf,rt_confidence
Ye_2018,Task,condition
Ye_2018,Condition,condition
Ye_2018,difficulty,difficulty
Ye_2018,Block,trial_info
Yeon_2019,Subj_idx,subj_idx
Yeon_2019,Stimulus,stimulus
Yeon_2019,Response,response
Yeon_2019,Confidence,confidence
Yeon_2019,RT_dec,rt_decision
Yeon_2019,RT_conf,rt_confidence
Yeon_2019,Condition,condition
Yeon_2019,Version,other
Yeon_2019,Wrong_option,other
Yeon_unpub_Exp1,Subj_idx,subj_idx
Yeon_unpub_Exp1,Stimulus,stimulus
Yeon_unpub_Exp1,Response,response
Yeon_unpub_Exp1,Confidence,confidence
Yeon_unpub_Exp1,RT_dec,rt_decision
Yeon_unpub_Exp1,RT_conf,rt_confidence
Yeon_unpub_Exp1,Condition,condition
Yeon_unpub_Exp1,Coherence,difficulty
Yeon_unpub_Exp1,Training,other
Yeon_unpub_Exp2,Subj_idx,subj_idx
Yeon_unpub_Exp2,Stimulus,stimulus
Yeon_unpub_Exp2,Response,response
Yeon_unpub_Exp2,Confidence,confidence
Yeon_unpub_Exp2,RT_dec,rt_decision
Yeon_unpub_Exp2,RT_conf,rt_confidence
Yeon_unpub_Exp2,Condition,condition
Yeon_unpub_Exp2,Coherence,difficulty
Yeon_unpub_Exp2,Training,other
Zheng_2023,Subj_idx,subj_idx
Zheng_2023,Stimulus,stimulus
Zheng_2023,Response,response
Zheng_2023,Accuracy,accuracy
Zheng_2023,Confidence,confidence
Zheng_2023,RT_dec,rt_decision
Zheng_2023,RT_conf,rt_confidence
Zheng_2023,Condition,condition
Zheng_2023,sex,other
Zheng_2023,Cue_value,other
Zheng_2023,Cued_side,other
data_Zheng_2023_NOC,Stimulus,stimulus
data_Zheng_2023_NOC,Response,response
data_Zheng_2023_NOC,Accuracy,accuracy
data_Zheng_2023_NOC,confidence,confidence
data_Zheng_2023_NOC,RT_dec,rt_decision
data_Zheng_2023_NOC,conf_rt,rt_confidence
data_Zheng_2023_NOC,type3_rt,rt_other
data_Zheng_2023_NOC,Condition,condition
data_Zheng_2023_NOC,subject_id,other
data_Zheng_2023_NOC,Age,other
data_Zheng_2023_NOC,Sex,other
data_Zheng_2023_NOC,Group,other
data_Zheng_2023_NOC,type3,other
data_Zheng_2023_NOC,attention,other
Zylberberg_2016,Subj_idx,subj_idx
Zylberberg_2016,Stimulus,stimulus
Zylberberg_2016,Response,response
Zylberberg_2016,Accuracy,accuracy
Zylberberg_2016,Confidence,confidence
Zylberberg_2016,RT_decConf,rt_combined
Zylberberg_2016,Condition,condition
Zylberberg_2016,Coherence,difficulty
Zylberberg_2016,Block,trial_info
Zylberberg_2016,Date,other
