dataset_id,tag_id,source
Adler_2018_Expt1,accuracy,auto
Adler_2018_Expt1,confidence_accuracy,auto
Adler_2018_Expt1,criterion,auto
Adler_2018_Expt1,dprime,auto
Adler_2018_Expt1,m_ratio,auto
Adler_2018_Expt1,mean_confidence,auto
Adler_2018_Expt1,mean_rt,auto
Adler_2018_Expt1,meta_d_mle,auto
Adler_2018_Expt1,rt_distribution,auto
Adler_2018_Expt1,type2_auc,auto
Adler_2018_Expt1,type2_roc,auto
Adler_2018_Expt2,accuracy,auto
Adler_2018_Expt2,confidence_accuracy,auto
Adler_2018_Expt2,confidence_rt,auto
Adler_2018_Expt2,criterion,auto
Adler_2018_Expt2,dprime,auto
Adler_2018_Expt2,m_ratio,auto
Adler_2018_Expt2,mean_confidence,auto
Adler_2018_Expt2,mean_rt,auto
Adler_2018_Expt2,meta_d_mle,auto
Adler_2018_Expt2,rt_distribution,auto
Adler_2018_Expt2,type2_auc,auto
Adler_2018_Expt2,type2_roc,auto
Adler_2018_Expt3,accuracy,auto
Adler_2018_Expt3,confidence_accuracy,auto
Adler_2018_Expt3,criterion,auto
Adler_2018_Expt3,dprime,auto
Adler_2018_Expt3,m_ratio,auto
Adler_2018_Expt3,mean_confidence,auto
Adler_2018_Expt3,mean_rt,auto
Adler_2018_Expt3,meta_d_mle,auto
Adler_2018_Expt3,rt_distribution,auto
Adler_2018_Expt3,type2_auc,auto
Adler_2018_Expt3,type2_roc,auto
AguilarLleyda_2018,accuracy,auto
AguilarLleyda_2018,confidence_accuracy,auto
AguilarLleyda_2018,confidence_rt,auto
AguilarLleyda_2018,criterion,auto
AguilarLleyda_2018,dprime,auto
AguilarLleyda_2018,m_ratio,auto
AguilarLleyda_2018,mean_confidence,auto
AguilarLleyda_2018,mean_rt,auto
AguilarLleyda_2018,meta_d_mle,auto
AguilarLleyda_2018,rt_distribution,auto
AguilarLleyda_2018,type2_auc,auto
AguilarLleyda_2018,type2_roc,auto
AguilarLleyda_unpub,accuracy,auto
AguilarLleyda_unpub,confidence_accuracy,auto
AguilarLleyda_unpub,confidence_rt,auto
AguilarLleyda_unpub,criterion,auto
AguilarLleyda_unpub,dprime,auto
AguilarLleyda_unpub,m_ratio,auto
AguilarLleyda_unpub,mean_confidence,auto
AguilarLleyda_unpub,mean_rt,auto
AguilarLleyda_unpub,meta_d_mle,auto
AguilarLleyda_unpub,rt_distribution,auto
AguilarLleyda_unpub,type2_auc,auto
AguilarLleyda_unpub,type2_roc,auto
Akdogan_2017_Exp1,accuracy,auto
Akdogan_2017_Exp1,confidence_accuracy,auto
Akdogan_2017_Exp1,confidence_rt,auto
Akdogan_2017_Exp1,criterion,auto
Akdogan_2017_Exp1,dprime,auto
Akdogan_2017_Exp1,m_ratio,auto
Akdogan_2017_Exp1,mean_confidence,auto
Akdogan_2017_Exp1,mean_rt,auto
Akdogan_2017_Exp1,meta_d_mle,auto
Akdogan_2017_Exp1,rt_distribution,auto
Akdogan_2017_Exp1,type2_auc,auto
Akdogan_2017_Exp1,type2_roc,auto
Akdogan_2017_Exp2,accuracy,auto
Akdogan_2017_Exp2,confidence_accuracy,auto
Akdogan_2017_Exp2,confidence_rt,auto
Akdogan_2017_Exp2,criterion,auto
Akdogan_2017_Exp2,dprime,auto
Akdogan_2017_Exp2,m_ratio,auto
Akdogan_2017_Exp2,mean_confidence,auto
Akdogan_2017_Exp2,mean_rt,auto
Akdogan_2017_Exp2,meta_d_mle,auto
Akdogan_2017_Exp2,rt_distribution,auto
Akdogan_2017_Exp2,type2_auc,auto
Akdogan_2017_Exp2,type2_roc,auto
Akdogan_2017_Exp3,accuracy,auto
Akdogan_2017_Exp3,confidence_accuracy,auto
Akdogan_2017_Exp3,confidence_rt,auto
Akdogan_2017_Exp3,criterion,auto
Akdogan_2017_Exp3,dprime,auto
Akdogan_2017_Exp3,m_ratio,auto
Akdogan_2017_Exp3,mean_confidence,auto
Akdogan_2017_Exp3,mean_rt,auto
Akdogan_2017_Exp3,meta_d_mle,auto
Akdogan_2017_Exp3,rt_distribution,auto
Akdogan_2017_Exp3,type2_auc,auto
Akdogan_2017_Exp3,type2_roc,auto
Akdogan_2017_Exp4,accuracy,auto
Akdogan_2017_Exp4,confidence_accuracy,auto
Akdogan_2017_Exp4,confidence_rt,auto
Akdogan_2017_Exp4,criterion,auto
Akdogan_2017_Exp4,dprime,auto
Akdogan_2017_Exp4,m_ratio,auto
Akdogan_2017_Exp4,mean_confidence,auto
Akdogan_2017_Exp4,mean_rt,auto
Akdogan_2017_Exp4,meta_d_mle,auto
Akdogan_2017_Exp4,rt_distribution,auto
Akdogan_2017_Exp4,type2_auc,auto
Akdogan_2017_Exp4,type2_roc,auto
Arbuzova_2021_expt2,accuracy,auto
Arbuzova_2021_expt2,confidence_accuracy,auto
Arbuzova_2021_expt2,confidence_rt,auto
Arbuzova_2021_expt2,criterion,auto
Arbuzova_2021_expt2,dprime,auto
Arbuzova_2021_expt2,m_ratio,auto
Arbuzova_2021_expt2,mean_confidence,auto
Arbuzova_2021_expt2,mean_rt,auto
Arbuzova_2021_expt2,meta_d_mle,auto
Arbuzova_2021_expt2,rt_distribution,auto
Arbuzova_2021_expt2,type2_auc,auto
Arbuzova_2021_expt2,type2_roc,auto
Arbuzova_2021_expt1,accuracy,auto
Arbuzova_2021_expt1,confidence_accuracy,auto
Arbuzova_2021_expt1,confidence_rt,auto
Arbuzova_2021_expt1,criterion,auto
Arbuzova_2021_expt1,dprime,auto
Arbuzova_2021_expt1,m_ratio,auto
Arbuzova_2021_expt1,mean_confidence,auto
Arbuzova_2021_expt1,mean_rt,auto
Arbuzova_2021_expt1,meta_d_mle,auto
Arbuzova_2021_expt1,rt_distribution,auto
Arbuzova_2021_expt1,type2_auc,auto
Arbuzova_2021_expt1,type2_roc,auto
Arbuzova_unpub_3,accuracy,auto
Arbuzova_unpub_3,confidence_accuracy,auto
Arbuzova_unpub_3,confidence_rt,auto
Arbuzova_unpub_3,criterion,auto
Arbuzova_unpub_3,dprime,auto
Arbuzova_unpub_3,m_ratio,auto
Arbuzova_unpub_3,mean_confidence,auto
Arbuzova_unpub_3,mean_rt,auto
Arbuzova_unpub_3,meta_d_mle,auto
Arbuzova_unpub_3,rt_distribution,auto
Arbuzova_unpub_3,type2_auc,auto
Arbuzova_unpub_3,type2_roc,auto
Bang_2019_Exp1,accuracy,auto
Bang_2019_Exp1,confidence_accuracy,auto
Bang_2019_Exp1,confidence_rt,auto
Bang_2019_Exp1,criterion,auto
Bang_2019_Exp1,dprime,auto
Bang_2019_Exp1,m_ratio,auto
Bang_2019_Exp1,mean_confidence,auto
Bang_2019_Exp1,mean_rt,auto
Bang_2019_Exp1,meta_d_mle,auto
Bang_2019_Exp1,rt_distribution,auto
Bang_2019_Exp1,type2_auc,auto
Bang_2019_Exp1,type2_roc,auto
Bang_2019_Exp2,accuracy,auto
Bang_2019_Exp2,confidence_accuracy,auto
Bang_2019_Exp2,confidence_rt,auto
Bang_2019_Exp2,criterion,auto
Bang_2019_Exp2,dprime,auto
Bang_2019_Exp2,m_ratio,auto
Bang_2019_Exp2,mean_confidence,auto
Bang_2019_Exp2,mean_rt,auto
Bang_2019_Exp2,meta_d_mle,auto
Bang_2019_Exp2,rt_distribution,auto
Bang_2019_Exp2,type2_auc,auto
Bang_2019_Exp2,type2_roc,auto
data_Bocheva_unpub_Expt1,accuracy,auto
data_Bocheva_unpub_Expt1,confidence_accuracy,auto
data_Bocheva_unpub_Expt1,confidence_rt,auto
data_Bocheva_unpub_Expt1,criterion,auto
data_Bocheva_unpub_Expt1,dprime,auto
data_Bocheva_unpub_Expt1,m_ratio,auto
data_Bocheva_unpub_Expt1,mean_confidence,auto
data_Bocheva_unpub_Expt1,mean_rt,auto
data_Bocheva_unpub_Expt1,meta_d_mle,auto
data_Bocheva_unpub_Expt1,rt_distribution,auto
data_Bocheva_unpub_Expt1,type2_auc,auto
data_Bocheva_unpub_Expt1,type2_roc,auto
data_Bocheva_unpub_Expt2,accuracy,auto
data_Bocheva_unpub_Expt2,confidence_accuracy,auto
data_Bocheva_unpub_Expt2,confidence_rt,auto
data_Bocheva_unpub_Expt2,criterion,auto
data_Bocheva_unpub_Expt2,dprime,auto
data_Bocheva_unpub_Expt2,m_ratio,auto
data_Bocheva_unpub_Expt2,mean_confidence,auto
data_Bocheva_unpub_Expt2,mean_rt,auto
data_Bocheva_unpub_Expt2,meta_d_mle,auto
data_Bocheva_unpub_Expt2,rt_distribution,auto
data_Bocheva_unpub_Expt2,type2_auc,auto
data_Bocheva_unpub_Expt2,type2_roc,auto
CalderTravis_unpub,accuracy,auto
CalderTravis_unpub,confidence_accuracy,auto
CalderTravis_unpub,criterion,auto
CalderTravis_unpub,dprime,auto
CalderTravis_unpub,m_ratio,auto
CalderTravis_unpub,mean_confidence,auto
CalderTravis_unpub,mean_rt,auto
CalderTravis_unpub,meta_d_mle,auto
CalderTravis_unpub,rt_distribution,auto
CalderTravis_unpub,type2_auc,auto
CalderTravis_unpub,type2_roc,auto
Chandravadia_2020,accuracy,auto
Chandravadia_2020,confidence_accuracy,auto
Chandravadia_2020,criterion,auto
Chandravadia_2020,dprime,auto
Chandravadia_2020,m_ratio,auto
Chandravadia_2020,mean_confidence,auto
Chandravadia_2020,mean_rt,auto
Chandravadia_2020,meta_d_mle,auto
Chandravadia_2020,rt_distribution,auto
Chandravadia_2020,type2_auc,auto
Chandravadia_2020,type2_roc,auto
Charalampaki_unpub_1,accuracy,auto
Charalampaki_unpub_1,confidence_accuracy,auto
Charalampaki_unpub_1,confidence_rt,auto
Charalampaki_unpub_1,criterion,auto
Charalampaki_unpub_1,dprime,auto
Charalampaki_unpub_1,m_ratio,auto
Charalampaki_unpub_1,mean_confidence,auto
Charalampaki_unpub_1,mean_rt,auto
Charalampaki_unpub_1,meta_d_mle,auto
Charalampaki_unpub_1,rt_distribution,auto
Charalampaki_unpub_1,type2_auc,auto
Charalampaki_unpub_1,type2_roc,auto
Chetverikov_2014_exp3,accuracy,auto
Chetverikov_2014_exp3,confidence_accuracy,auto
Chetverikov_2014_exp3,confidence_rt,auto
Chetverikov_2014_exp3,mean_confidence,auto
Chetverikov_2014_exp3,mean_rt,auto
Chetverikov_2014_exp3,rt_distribution,auto
Chetverikov_2014_exp3,type2_auc,auto
Chetverikov_2014_exp3,type2_roc,auto
Chetverikov_2014_exp4,accuracy,auto
Chetverikov_2014_exp4,confidence_accuracy,auto
Chetverikov_2014_exp4,confidence_rt,auto
Chetverikov_2014_exp4,mean_confidence,auto
Chetverikov_2014_exp4,mean_rt,auto
Chetverikov_2014_exp4,rt_distribution,auto
Chetverikov_2014_exp4,type2_auc,auto
Chetverikov_2014_exp4,type2_roc,auto
Clark_2018,accuracy,auto
Clark_2018,confidence_accuracy,auto
Clark_2018,criterion,auto
Clark_2018,dprime,auto
Clark_2018,m_ratio,auto
Clark_2018,mean_confidence,auto
Clark_2018,meta_d_mle,auto
Clark_2018,type2_auc,auto
Clark_2018,type2_roc,auto
Clark_unpub,accuracy,auto
Clark_unpub,confidence_accuracy,auto
Clark_unpub,criterion,auto
Clark_unpub,dprime,auto
Clark_unpub,m_ratio,auto
Clark_unpub,mean_confidence,auto
Clark_unpub,meta_d_mle,auto
Clark_unpub,type2_auc,auto
Clark_unpub,type2_roc,auto
Constant_2022,accuracy,auto
Constant_2022,confidence_accuracy,auto
Constant_2022,confidence_rt,auto
Constant_2022,criterion,auto
Constant_2022,dprime,auto
Constant_2022,m_ratio,auto
Constant_2022,mean_confidence,auto
Constant_2022,mean_rt,auto
Constant_2022,meta_d_mle,auto
Constant_2022,rt_distribution,auto
Constant_2022,type2_auc,auto
Constant_2022,type2_roc,auto
Denison_2018,accuracy,auto
Denison_2018,confidence_accuracy,auto
Denison_2018,criterion,auto
Denison_2018,dprime,auto
Denison_2018,m_ratio,auto
Denison_2018,mean_confidence,auto
Denison_2018,mean_rt,auto
Denison_2018,meta_d_mle,auto
Denison_2018,rt_distribution,auto
Denison_2018,type2_auc,auto
Denison_2018,type2_roc,auto
Desender_2014,accuracy,auto
Desender_2014,confidence_accuracy,auto
Desender_2014,confidence_rt,auto
Desender_2014,criterion,auto
Desender_2014,dprime,auto
Desender_2014,m_ratio,auto
Desender_2014,mean_confidence,auto
Desender_2014,mean_rt,auto
Desender_2014,meta_d_mle,auto
Desender_2014,rt_distribution,auto
Desender_2014,type2_auc,auto
Desender_2014,type2_roc,auto
Desender_2016,accuracy,auto
Desender_2016,confidence_accuracy,auto
Desender_2016,confidence_rt,auto
Desender_2016,criterion,auto
Desender_2016,dprime,auto
Desender_2016,m_ratio,auto
Desender_2016,mean_confidence,auto
Desender_2016,mean_rt,auto
Desender_2016,meta_d_mle,auto
Desender_2016,rt_distribution,auto
Desender_2016,type2_auc,auto
Desender_2016,type2_roc,auto
Desender_2018_Exp1,accuracy,auto
Desender_2018_Exp1,confidence_accuracy,auto
Desender_2018_Exp1,confidence_rt,auto
Desender_2018_Exp1,criterion,auto
Desender_2018_Exp1,dprime,auto
Desender_2018_Exp1,m_ratio,auto
Desender_2018_Exp1,mean_confidence,auto
Desender_2018_Exp1,mean_rt,auto
Desender_2018_Exp1,meta_d_mle,auto
Desender_2018_Exp1,rt_distribution,auto
Desender_2018_Exp1,type2_auc,auto
Desender_2018_Exp1,type2_roc,auto
Desender_2018_Exp2,accuracy,auto
Desender_2018_Exp2,confidence_accuracy,auto
Desender_2018_Exp2,confidence_rt,auto
Desender_2018_Exp2,criterion,auto
Desender_2018_Exp2,dprime,auto
Desender_2018_Exp2,m_ratio,auto
Desender_2018_Exp2,mean_confidence,auto
Desender_2018_Exp2,mean_rt,auto
Desender_2018_Exp2,meta_d_mle,auto
Desender_2018_Exp2,rt_distribution,auto
Desender_2018_Exp2,type2_auc,auto
Desender_2018_Exp2,type2_roc,auto
Desender_2021_Cognit,accuracy,auto
Desender_2021_Cognit,confidence_accuracy,auto
Desender_2021_Cognit,confidence_rt,auto
Desender_2021_Cognit,criterion,auto
Desender_2021_Cognit,dprime,auto
Desender_2021_Cognit,m_ratio,auto
Desender_2021_Cognit,mean_confidence,auto
Desender_2021_Cognit,mean_rt,auto
Desender_2021_Cognit,meta_d_mle,auto
Desender_2021_Cognit,rt_distribution,auto
Desender_2021_Cognit,type2_auc,auto
Desender_2021_Cognit,type2_roc,auto
Desender_2021_PsyRes,accuracy,auto
Desender_2021_PsyRes,confidence_accuracy,auto
Desender_2021_PsyRes,confidence_rt,auto
Desender_2021_PsyRes,mean_confidence,auto
Desender_2021_PsyRes,mean_rt,auto
Desender_2021_PsyRes,rt_distribution,auto
Desender_2021_PsyRes,type2_auc,auto
Desender_2021_PsyRes,type2_roc,auto
Desender_2022_Exp1,accuracy,auto
Desender_2022_Exp1,confidence_accuracy,auto
Desender_2022_Exp1,confidence_rt,auto
Desender_2022_Exp1,criterion,auto
Desender_2022_Exp1,dprime,auto
Desender_2022_Exp1,m_ratio,auto
Desender_2022_Exp1,mean_confidence,auto
Desender_2022_Exp1,mean_rt,auto
Desender_2022_Exp1,meta_d_mle,auto
Desender_2022_Exp1,rt_distribution,auto
Desender_2022_Exp1,type2_auc,auto
Desender_2022_Exp1,type2_roc,auto
Desender_2022_Exp1S,accuracy,auto
Desender_2022_Exp1S,confidence_accuracy,auto
Desender_2022_Exp1S,confidence_rt,auto
Desender_2022_Exp1S,criterion,auto
Desender_2022_Exp1S,dprime,auto
Desender_2022_Exp1S,m_ratio,auto
Desender_2022_Exp1S,mean_confidence,auto
Desender_2022_Exp1S,mean_rt,auto
Desender_2022_Exp1S,meta_d_mle,auto
Desender_2022_Exp1S,rt_distribution,auto
Desender_2022_Exp1S,type2_auc,auto
Desender_2022_Exp1S,type2_roc,auto
Desender_2022_Exp2B,accuracy,auto
Desender_2022_Exp2B,confidence_accuracy,auto
Desender_2022_Exp2B,confidence_rt,auto
Desender_2022_Exp2B,criterion,auto
Desender_2022_Exp2B,dprime,auto
Desender_2022_Exp2B,m_ratio,auto
Desender_2022_Exp2B,mean_confidence,auto
Desender_2022_Exp2B,mean_rt,auto
Desender_2022_Exp2B,meta_d_mle,auto
Desender_2022_Exp2B,rt_distribution,auto
Desender_2022_Exp2B,type2_auc,auto
Desender_2022_Exp2B,type2_roc,auto
Dildine_unpub,confidence_error,auto
Dildine_unpub,confidence_rt,auto
Dildine_unpub,estimation_error,auto
Dildine_unpub,mean_confidence,auto
Dildine_unpub,mean_rt,auto
Dildine_unpub,rt_distribution,auto
Double_2017,accuracy,auto
Double_2017,confidence_accuracy,auto
Double_2017,confidence_rt,auto
Double_2017,mean_confidence,auto
Double_2017,mean_rt,auto
Double_2017,rt_distribution,auto
Double_2017,type2_auc,auto
Double_2017,type2_roc,auto
Duyan_2018_Exp1,accuracy,auto
Duyan_2018_Exp1,confidence_accuracy,auto
Duyan_2018_Exp1,confidence_rt,auto
Duyan_2018_Exp1,criterion,auto
Duyan_2018_Exp1,dprime,auto
Duyan_2018_Exp1,m_ratio,auto
Duyan_2018_Exp1,mean_confidence,auto
Duyan_2018_Exp1,mean_rt,auto
Duyan_2018_Exp1,meta_d_mle,auto
Duyan_2018_Exp1,rt_distribution,auto
Duyan_2018_Exp1,type2_auc,auto
Duyan_2018_Exp1,type2_roc,auto
Duyan_2018_Exp2,accuracy,auto
Duyan_2018_Exp2,confidence_accuracy,auto
Duyan_2018_Exp2,confidence_rt,auto
Duyan_2018_Exp2,criterion,auto
Duyan_2018_Exp2,dprime,auto
Duyan_2018_Exp2,m_ratio,auto
Duyan_2018_Exp2,mean_confidence,auto
Duyan_2018_Exp2,mean_rt,auto
Duyan_2018_Exp2,meta_d_mle,auto
Duyan_2018_Exp2,rt_distribution,auto
Duyan_2018_Exp2,type2_auc,auto
Duyan_2018_Exp2,type2_roc,auto
Duyan_2019,confidence_error,auto
Duyan_2019,confidence_rt,auto
Duyan_2019,estimation_error,auto
Duyan_2019,mean_confidence,auto
Duyan_2019,mean_rt,auto
Duyan_2019,rt_distribution,auto
Duyan_unpub_Exp1,confidence_error,auto
Duyan_unpub_Exp1,confidence_rt,auto
Duyan_unpub_Exp1,estimation_error,auto
Duyan_unpub_Exp1,mean_confidence,auto
Duyan_unpub_Exp1,mean_rt,auto
Duyan_unpub_Exp1,rt_distribution,auto
Duyan_unpub_Exp2,confidence_error,auto
Duyan_unpub_Exp2,confidence_rt,auto
Duyan_unpub_Exp2,estimation_error,auto
Duyan_unpub_Exp2,mean_confidence,auto
Duyan_unpub_Exp2,mean_rt,auto
Duyan_unpub_Exp2,rt_distribution,auto
Duyan_unpub_logos,accuracy,auto
Duyan_unpub_logos,confidence_accuracy,auto
Duyan_unpub_logos,confidence_rt,auto
Duyan_unpub_logos,criterion,auto
Duyan_unpub_logos,dprime,auto
Duyan_unpub_logos,m_ratio,auto
Duyan_unpub_logos,mean_confidence,auto
Duyan_unpub_logos,mean_rt,auto
Duyan_unpub_logos,meta_d_mle,auto
Duyan_unpub_logos,rt_distribution,auto
Duyan_unpub_logos,type2_auc,auto
Duyan_unpub_logos,type2_roc,auto
Faivre_2018_JN,accuracy,auto
Faivre_2018_JN,confidence_accuracy,auto
Faivre_2018_JN,confidence_rt,auto
Faivre_2018_JN,criterion,auto
Faivre_2018_JN,dprime,auto
Faivre_2018_JN,m_ratio,auto
Faivre_2018_JN,mean_confidence,auto
Faivre_2018_JN,mean_rt,auto
Faivre_2018_JN,meta_d_mle,auto
Faivre_2018_JN,rt_distribution,auto
Faivre_2018_JN,type2_auc,auto
Faivre_2018_JN,type2_roc,auto
Faivre_2018_bioRxiv,accuracy,auto
Faivre_2018_bioRxiv,confidence_accuracy,auto
Faivre_2018_bioRxiv,confidence_rt,auto
Faivre_2018_bioRxiv,criterion,auto
Faivre_2018_bioRxiv,dprime,auto
Faivre_2018_bioRxiv,m_ratio,auto
Faivre_2018_bioRxiv,mean_confidence,auto
Faivre_2018_bioRxiv,mean_rt,auto
Faivre_2018_bioRxiv,meta_d_mle,auto
Faivre_2018_bioRxiv,rt_distribution,auto
Faivre_2018_bioRxiv,type2_auc,auto
Faivre_2018_bioRxiv,type2_roc,auto
Fallow_unpub_1,accuracy,auto
Fallow_unpub_1,confidence_accuracy,auto
Fallow_unpub_1,criterion,auto
Fallow_unpub_1,dprime,auto
Fallow_unpub_1,m_ratio,auto
Fallow_unpub_1,mean_confidence,auto
Fallow_unpub_1,mean_rt,auto
Fallow_unpub_1,meta_d_mle,auto
Fallow_unpub_1,rt_distribution,auto
Fallow_unpub_1,type2_auc,auto
Fallow_unpub_1,type2_roc,auto
Fallow_unpub_2,accuracy,auto
Fallow_unpub_2,confidence_accuracy,auto
Fallow_unpub_2,criterion,auto
Fallow_unpub_2,dprime,auto
Fallow_unpub_2,m_ratio,auto
Fallow_unpub_2,mean_confidence,auto
Fallow_unpub_2,mean_rt,auto
Fallow_unpub_2,meta_d_mle,auto
Fallow_unpub_2,rt_distribution,auto
Fallow_unpub_2,type2_auc,auto
Fallow_unpub_2,type2_roc,auto
Fallow_unpub_3,accuracy,auto
Fallow_unpub_3,confidence_accuracy,auto
Fallow_unpub_3,criterion,auto
Fallow_unpub_3,dprime,auto
Fallow_unpub_3,m_ratio,auto
Fallow_unpub_3,mean_confidence,auto
Fallow_unpub_3,mean_rt,auto
Fallow_unpub_3,meta_d_mle,auto
Fallow_unpub_3,rt_distribution,auto
Fallow_unpub_3,type2_auc,auto
Fallow_unpub_3,type2_roc,auto
Filevich_unpub,accuracy,auto
Filevich_unpub,confidence_accuracy,auto
Filevich_unpub,confidence_rt,auto
Filevich_unpub,criterion,auto
Filevich_unpub,dprime,auto
Filevich_unpub,m_ratio,auto
Filevich_unpub,mean_confidence,auto
Filevich_unpub,mean_rt,auto
Filevich_unpub,meta_d_mle,auto
Filevich_unpub,rt_distribution,auto
Filevich_unpub,type2_auc,auto
Filevich_unpub,type2_roc,auto
Gajdos_2019,accuracy,auto
Gajdos_2019,confidence_accuracy,auto
Gajdos_2019,confidence_rt,auto
Gajdos_2019,criterion,auto
Gajdos_2019,dprime,auto
Gajdos_2019,m_ratio,auto
Gajdos_2019,mean_confidence,auto
Gajdos_2019,mean_rt,auto
Gajdos_2019,meta_d_mle,auto
Gajdos_2019,rt_distribution,auto
Gajdos_2019,type2_auc,auto
Gajdos_2019,type2_roc,auto
Gallagher_2019_Exp1,accuracy,auto
Gallagher_2019_Exp1,confidence_accuracy,auto
Gallagher_2019_Exp1,criterion,auto
Gallagher_2019_Exp1,dprime,auto
Gallagher_2019_Exp1,m_ratio,auto
Gallagher_2019_Exp1,mean_confidence,auto
Gallagher_2019_Exp1,meta_d_mle,auto
Gallagher_2019_Exp1,type2_auc,auto
Gallagher_2019_Exp1,type2_roc,auto
Gallagher_2019_Exp2,accuracy,auto
Gallagher_2019_Exp2,confidence_accuracy,auto
Gallagher_2019_Exp2,criterion,auto
Gallagher_2019_Exp2,dprime,auto
Gallagher_2019_Exp2,m_ratio,auto
Gallagher_2019_Exp2,mean_confidence,auto
Gallagher_2019_Exp2,meta_d_mle,auto
Gallagher_2019_Exp2,type2_auc,auto
Gallagher_2019_Exp2,type2_roc,auto
Gherman_2018,accuracy,auto
Gherman_2018,confidence_accuracy,auto
Gherman_2018,confidence_rt,auto
Gherman_2018,criterion,auto
Gherman_2018,dprime,auto
Gherman_2018,m_ratio,auto
Gherman_2018,mean_confidence,auto
Gherman_2018,mean_rt,auto
Gherman_2018,meta_d_mle,auto
Gherman_2018,rt_distribution,auto
Gherman_2018,type2_auc,auto
Gherman_2018,type2_roc,auto
Haddara_2022_Expt1,accuracy,auto
Haddara_2022_Expt1,confidence_accuracy,auto
Haddara_2022_Expt1,confidence_rt,auto
Haddara_2022_Expt1,criterion,auto
Haddara_2022_Expt1,dprime,auto
Haddara_2022_Expt1,m_ratio,auto
Haddara_2022_Expt1,mean_confidence,auto
Haddara_2022_Expt1,mean_rt,auto
Haddara_2022_Expt1,meta_d_mle,auto
Haddara_2022_Expt1,rt_distribution,auto
Haddara_2022_Expt1,type2_auc,auto
Haddara_2022_Expt1,type2_roc,auto
Haddara_2022_Expt2,accuracy,auto
Haddara_2022_Expt2,confidence_accuracy,auto
Haddara_2022_Expt2,confidence_rt,auto
Haddara_2022_Expt2,criterion,auto
Haddara_2022_Expt2,dprime,auto
Haddara_2022_Expt2,m_ratio,auto
Haddara_2022_Expt2,mean_confidence,auto
Haddara_2022_Expt2,mean_rt,auto
Haddara_2022_Expt2,meta_d_mle,auto
Haddara_2022_Expt2,rt_distribution,auto
Haddara_2022_Expt2,type2_auc,auto
Haddara_2022_Expt2,type2_roc,auto
Hainguerlot_2018,accuracy,auto
Hainguerlot_2018,confidence_accuracy,auto
Hainguerlot_2018,confidence_rt,auto
Hainguerlot_2018,criterion,auto
Hainguerlot_2018,dprime,auto
Hainguerlot_2018,m_ratio,auto
Hainguerlot_2018,mean_confidence,auto
Hainguerlot_2018,mean_rt,auto
Hainguerlot_2018,meta_d_mle,auto
Hainguerlot_2018,rt_distribution,auto
Hainguerlot_2018,type2_auc,auto
Hainguerlot_2018,type2_roc,auto
Hainguerlot_unpub,accuracy,auto
Hainguerlot_unpub,confidence_accuracy,auto
Hainguerlot_unpub,confidence_rt,auto
Hainguerlot_unpub,criterion,auto
Hainguerlot_unpub,dprime,auto
Hainguerlot_unpub,m_ratio,auto
Hainguerlot_unpub,mean_confidence,auto
Hainguerlot_unpub,mean_rt,auto
Hainguerlot_unpub,meta_d_mle,auto
Hainguerlot_unpub,rt_distribution,auto
Hainguerlot_unpub,type2_auc,auto
Hainguerlot_unpub,type2_roc,auto
Hellmann_2023_Exp1,accuracy,auto
Hellmann_2023_Exp1,confidence_accuracy,auto
Hellmann_2023_Exp1,criterion,auto
Hellmann_2023_Exp1,dprime,auto
Hellmann_2023_Exp1,m_ratio,auto
Hellmann_2023_Exp1,mean_confidence,auto
Hellmann_2023_Exp1,mean_rt,auto
Hellmann_2023_Exp1,meta_d_mle,auto
Hellmann_2023_Exp1,rt_distribution,auto
Hellmann_2023_Exp1,type2_auc,auto
Hellmann_2023_Exp1,type2_roc,auto
Hellmann_2023_Exp2,accuracy,auto
Hellmann_2023_Exp2,confidence_accuracy,auto
Hellmann_2023_Exp2,criterion,auto
Hellmann_2023_Exp2,dprime,auto
Hellmann_2023_Exp2,m_ratio,auto
Hellmann_2023_Exp2,mean_confidence,auto
Hellmann_2023_Exp2,mean_rt,auto
Hellmann_2023_Exp2,meta_d_mle,auto
Hellmann_2023_Exp2,rt_distribution,auto
Hellmann_2023_Exp2,type2_auc,auto
Hellmann_2023_Exp2,type2_roc,auto
Hetland_unpub,accuracy,auto
Hetland_unpub,confidence_accuracy,auto
Hetland_unpub,criterion,auto
Hetland_unpub,dprime,auto
Hetland_unpub,m_ratio,auto
Hetland_unpub,mean_confidence,auto
Hetland_unpub,mean_rt,auto
Hetland_unpub,meta_d_mle,auto
Hetland_unpub,rt_distribution,auto
Hetland_unpub,type2_auc,auto
Hetland_unpub,type2_roc,auto
Hu_2017,accuracy,auto
Hu_2017,confidence_accuracy,auto
Hu_2017,confidence_rt,auto
Hu_2017,criterion,auto
Hu_2017,dprime,auto
Hu_2017,m_ratio,auto
Hu_2017,mean_confidence,auto
Hu_2017,mean_rt,auto
Hu_2017,meta_d_mle,auto
Hu_2017,rt_distribution,auto
Hu_2017,type2_auc,auto
Hu_2017,type2_roc,auto
Jachs_2015_Exp1,accuracy,auto
Jachs_2015_Exp1,confidence_accuracy,auto
Jachs_2015_Exp1,confidence_rt,auto
Jachs_2015_Exp1,criterion,auto
Jachs_2015_Exp1,dprime,auto
Jachs_2015_Exp1,m_ratio,auto
Jachs_2015_Exp1,mean_confidence,auto
Jachs_2015_Exp1,mean_rt,auto
Jachs_2015_Exp1,meta_d_mle,auto
Jachs_2015_Exp1,rt_distribution,auto
Jachs_2015_Exp1,type2_auc,auto
Jachs_2015_Exp1,type2_roc,auto
Jachs_2015_Exp2,accuracy,auto
Jachs_2015_Exp2,confidence_accuracy,auto
Jachs_2015_Exp2,confidence_rt,auto
Jachs_2015_Exp2,criterion,auto
Jachs_2015_Exp2,dprime,auto
Jachs_2015_Exp2,m_ratio,auto
Jachs_2015_Exp2,mean_confidence,auto
Jachs_2015_Exp2,mean_rt,auto
Jachs_2015_Exp2,meta_d_mle,auto
Jachs_2015_Exp2,rt_distribution,auto
Jachs_2015_Exp2,type2_auc,auto
Jachs_2015_Exp2,type2_roc,auto
Jachs_2015_Exp3,accuracy,auto
Jachs_2015_Exp3,confidence_accuracy,auto
Jachs_2015_Exp3,confidence_rt,auto
Jachs_2015_Exp3,criterion,auto
Jachs_2015_Exp3,dprime,auto
Jachs_2015_Exp3,m_ratio,auto
Jachs_2015_Exp3,mean_confidence,auto
Jachs_2015_Exp3,mean_rt,auto
Jachs_2015_Exp3,meta_d_mle,auto
Jachs_2015_Exp3,rt_distribution,auto
Jachs_2015_Exp3,type2_auc,auto
Jachs_2015_Exp3,type2_roc,auto
Jaquiery_unpub,accuracy,auto
Jaquiery_unpub,confidence_accuracy,auto
Jaquiery_unpub,criterion,auto
Jaquiery_unpub,dprime,auto
Jaquiery_unpub,m_ratio,auto
Jaquiery_unpub,mean_confidence,auto
Jaquiery_unpub,mean_rt,auto
Jaquiery_unpub,meta_d_mle,auto
Jaquiery_unpub,rt_distribution,auto
Jaquiery_unpub,type2_auc,auto
Jaquiery_unpub,type2_roc,auto
Kantner_2010,accuracy,auto
Kantner_2010,confidence_accuracy,auto
Kantner_2010,criterion,auto
Kantner_2010,dprime,auto
Kantner_2010,m_ratio,auto
Kantner_2010,mean_confidence,auto
Kantner_2010,mean_rt,auto
Kantner_2010,meta_d_mle,auto
Kantner_2010,rt_distribution,auto
Kantner_2010,type2_auc,auto
Kantner_2010,type2_roc,auto
Kantner_2012_E1,accuracy,auto
Kantner_2012_E1,confidence_accuracy,auto
Kantner_2012_E1,criterion,auto
Kantner_2012_E1,dprime,auto
Kantner_2012_E1,m_ratio,auto
Kantner_2012_E1,mean_confidence,auto
Kantner_2012_E1,mean_rt,auto
Kantner_2012_E1,meta_d_mle,auto
Kantner_2012_E1,rt_distribution,auto
Kantner_2012_E1,type2_auc,auto
Kantner_2012_E1,type2_roc,auto
Kantner_2012_E2,accuracy,auto
Kantner_2012_E2,confidence_accuracy,auto
Kantner_2012_E2,criterion,auto
Kantner_2012_E2,dprime,auto
Kantner_2012_E2,m_ratio,auto
Kantner_2012_E2,mean_confidence,auto
Kantner_2012_E2,mean_rt,auto
Kantner_2012_E2,meta_d_mle,auto
Kantner_2012_E2,rt_distribution,auto
Kantner_2012_E2,type2_auc,auto
Kantner_2012_E2,type2_roc,auto
Kantner_2012_E3,accuracy,auto
Kantner_2012_E3,confidence_accuracy,auto
Kantner_2012_E3,criterion,auto
Kantner_2012_E3,dprime,auto
Kantner_2012_E3,m_ratio,auto
Kantner_2012_E3,mean_confidence,auto
Kantner_2012_E3,mean_rt,auto
Kantner_2012_E3,meta_d_mle,auto
Kantner_2012_E3,rt_distribution,auto
Kantner_2012_E3,type2_auc,auto
Kantner_2012_E3,type2_roc,auto
Kantner_2012_E4,accuracy,auto
Kantner_2012_E4,confidence_accuracy,auto
Kantner_2012_E4,criterion,auto
Kantner_2012_E4,dprime,auto
Kantner_2012_E4,m_ratio,auto
Kantner_2012_E4,mean_confidence,auto
Kantner_2012_E4,mean_rt,auto
Kantner_2012_E4,meta_d_mle,auto
Kantner_2012_E4,rt_distribution,auto
Kantner_2012_E4,type2_auc,auto
Kantner_2012_E4,type2_roc,auto
Kantner_2014_E1,accuracy,auto
Kantner_2014_E1,confidence_accuracy,auto
Kantner_2014_E1,criterion,auto
Kantner_2014_E1,dprime,auto
Kantner_2014_E1,m_ratio,auto
Kantner_2014_E1,mean_confidence,auto
Kantner_2014_E1,mean_rt,auto
Kantner_2014_E1,meta_d_mle,auto
Kantner_2014_E1,rt_distribution,auto
Kantner_2014_E1,type2_auc,auto
Kantner_2014_E1,type2_roc,auto
Kantner_2014_E2,accuracy,auto
Kantner_2014_E2,confidence_accuracy,auto
Kantner_2014_E2,confidence_rt,auto
Kantner_2014_E2,criterion,auto
Kantner_2014_E2,dprime,auto
Kantner_2014_E2,m_ratio,auto
Kantner_2014_E2,mean_confidence,auto
Kantner_2014_E2,mean_rt,auto
Kantner_2014_E2,meta_d_mle,auto
Kantner_2014_E2,rt_distribution,auto
Kantner_2014_E2,type2_auc,auto
Kantner_2014_E2,type2_roc,auto
Kantner_unpub1,accuracy,auto
Kantner_unpub1,confidence_accuracy,auto
Kantner_unpub1,criterion,auto
Kantner_unpub1,dprime,auto
Kantner_unpub1,m_ratio,auto
Kantner_unpub1,mean_confidence,auto
Kantner_unpub1,mean_rt,auto
Kantner_unpub1,meta_d_mle,auto
Kantner_unpub1,rt_distribution,auto
Kantner_unpub1,type2_auc,auto
Kantner_unpub1,type2_roc,auto
Kantner_unpub2,accuracy,auto
Kantner_unpub2,confidence_accuracy,auto
Kantner_unpub2,criterion,auto
Kantner_unpub2,dprime,auto
Kantner_unpub2,m_ratio,auto
Kantner_unpub2,mean_confidence,auto
Kantner_unpub2,mean_rt,auto
Kantner_unpub2,meta_d_mle,auto
Kantner_unpub2,rt_distribution,auto
Kantner_unpub2,type2_auc,auto
Kantner_unpub2,type2_roc,auto
Konishi_2019,accuracy,auto
Konishi_2019,confidence_accuracy,auto
Konishi_2019,criterion,auto
Konishi_2019,dprime,auto
Konishi_2019,m_ratio,auto
Konishi_2019,mean_confidence,auto
Konishi_2019,mean_rt,auto
Konishi_2019,meta_d_mle,auto
Konishi_2019,rt_distribution,auto
Konishi_2019,type2_auc,auto
Konishi_2019,type2_roc,auto
Kreis_2019,confidence_error,auto
Kreis_2019,confidence_rt,auto
Kreis_2019,estimation_error,auto
Kreis_2019,mean_confidence,auto
Kreis_2019,mean_rt,auto
Kreis_2019,rt_distribution,auto
Kvam_2015_ch,accuracy,auto
Kvam_2015_ch,confidence_accuracy,auto
Kvam_2015_ch,confidence_rt,auto
Kvam_2015_ch,criterion,auto
Kvam_2015_ch,dprime,auto
Kvam_2015_ch,m_ratio,auto
Kvam_2015_ch,mean_confidence,auto
Kvam_2015_ch,mean_rt,auto
Kvam_2015_ch,meta_d_mle,auto
Kvam_2015_ch,rt_distribution,auto
Kvam_2015_ch,type2_auc,auto
Kvam_2015_ch,type2_roc,auto
Kvam_2015_nc,accuracy,auto
Kvam_2015_nc,confidence_accuracy,auto
Kvam_2015_nc,criterion,auto
Kvam_2015_nc,dprime,auto
Kvam_2015_nc,m_ratio,auto
Kvam_2015_nc,mean_confidence,auto
Kvam_2015_nc,mean_rt,auto
Kvam_2015_nc,meta_d_mle,auto
Kvam_2015_nc,rt_distribution,auto
Kvam_2015_nc,type2_auc,auto
Kvam_2015_nc,type2_roc,auto
Kvam_2016,accuracy,auto
Kvam_2016,confidence_accuracy,auto
Kvam_2016,criterion,auto
Kvam_2016,dprime,auto
Kvam_2016,m_ratio,auto
Kvam_2016,mean_confidence,auto
Kvam_2016,mean_rt,auto
Kvam_2016,meta_d_mle,auto
Kvam_2016,rt_distribution,auto
Kvam_2016,type2_auc,auto
Kvam_2016,type2_roc,auto
Law_unpub,accuracy,auto
Law_unpub,confidence_accuracy,auto
Law_unpub,criterion,auto
Law_unpub,dprime,auto
Law_unpub,m_ratio,auto
Law_unpub,mean_confidence,auto
Law_unpub,mean_rt,auto
Law_unpub,meta_d_mle,auto
Law_unpub,rt_distribution,auto
Law_unpub,type2_auc,auto
Law_unpub,type2_roc,auto
Lebreton_2018,accuracy,auto
Lebreton_2018,confidence_accuracy,auto
Lebreton_2018,criterion,auto
Lebreton_2018,dprime,auto
Lebreton_2018,m_ratio,auto
Lebreton_2018,mean_confidence,auto
Lebreton_2018,mean_rt,auto
Lebreton_2018,meta_d_mle,auto
Lebreton_2018,rt_distribution,auto
Lebreton_2018,type2_auc,auto
Lebreton_2018,type2_roc,auto
Lempert_2015,accuracy,auto
Lempert_2015,confidence_accuracy,auto
Lempert_2015,criterion,auto
Lempert_2015,dprime,auto
Lempert_2015,m_ratio,auto
Lempert_2015,mean_confidence,auto
Lempert_2015,mean_rt,auto
Lempert_2015,meta_d_mle,auto
Lempert_2015,rt_distribution,auto
Lempert_2015,type2_auc,auto
Lempert_2015,type2_roc,auto
Lindsay_2014,accuracy,auto
Lindsay_2014,confidence_accuracy,auto
Lindsay_2014,criterion,auto
Lindsay_2014,dprime,auto
Lindsay_2014,m_ratio,auto
Lindsay_2014,mean_confidence,auto
Lindsay_2014,mean_rt,auto
Lindsay_2014,meta_d_mle,auto
Lindsay_2014,rt_distribution,auto
Lindsay_2014,type2_auc,auto
Lindsay_2014,type2_roc,auto
Lo_unpub,accuracy,auto
Lo_unpub,confidence_accuracy,auto
Lo_unpub,confidence_rt,auto
Lo_unpub,criterion,auto
Lo_unpub,dprime,auto
Lo_unpub,m_ratio,auto
Lo_unpub,mean_confidence,auto
Lo_unpub,mean_rt,auto
Lo_unpub,meta_d_mle,auto
Lo_unpub,rt_distribution,auto
Lo_unpub,type2_auc,auto
Lo_unpub,type2_roc,auto
Locke_2020,accuracy,auto
Locke_2020,confidence_accuracy,auto
Locke_2020,confidence_rt,auto
Locke_2020,criterion,auto
Locke_2020,dprime,auto
Locke_2020,m_ratio,auto
Locke_2020,mean_confidence,auto
Locke_2020,mean_rt,auto
Locke_2020,meta_d_mle,auto
Locke_2020,rt_distribution,auto
Locke_2020,type2_auc,auto
Locke_2020,type2_roc,auto
Maniscalco_2017_expt1,accuracy,auto
Maniscalco_2017_expt1,confidence_accuracy,auto
Maniscalco_2017_expt1,confidence_rt,auto
Maniscalco_2017_expt1,criterion,auto
Maniscalco_2017_expt1,dprime,auto
Maniscalco_2017_expt1,m_ratio,auto
Maniscalco_2017_expt1,mean_confidence,auto
Maniscalco_2017_expt1,mean_rt,auto
Maniscalco_2017_expt1,meta_d_mle,auto
Maniscalco_2017_expt1,rt_distribution,auto
Maniscalco_2017_expt1,type2_auc,auto
Maniscalco_2017_expt1,type2_roc,auto
Maniscalco_2017_expt2,accuracy,auto
Maniscalco_2017_expt2,confidence_accuracy,auto
Maniscalco_2017_expt2,confidence_rt,auto
Maniscalco_2017_expt2,criterion,auto
Maniscalco_2017_expt2,dprime,auto
Maniscalco_2017_expt2,m_ratio,auto
Maniscalco_2017_expt2,mean_confidence,auto
Maniscalco_2017_expt2,mean_rt,auto
Maniscalco_2017_expt2,meta_d_mle,auto
Maniscalco_2017_expt2,rt_distribution,auto
Maniscalco_2017_expt2,type2_auc,auto
Maniscalco_2017_expt2,type2_roc,auto
Maniscalco_2017_expt3,accuracy,auto
Maniscalco_2017_expt3,confidence_accuracy,auto
Maniscalco_2017_expt3,confidence_rt,auto
Maniscalco_2017_expt3,criterion,auto
Maniscalco_2017_expt3,dprime,auto
Maniscalco_2017_expt3,m_ratio,auto
Maniscalco_2017_expt3,mean_confidence,auto
Maniscalco_2017_expt3,mean_rt,auto
Maniscalco_2017_expt3,meta_d_mle,auto
Maniscalco_2017_expt3,rt_distribution,auto
Maniscalco_2017_expt3,type2_auc,auto
Maniscalco_2017_expt3,type2_roc,auto
Maniscalco_2017_expt4,accuracy,auto
Maniscalco_2017_expt4,confidence_accuracy,auto
Maniscalco_2017_expt4,confidence_rt,auto
Maniscalco_2017_expt4,criterion,auto
Maniscalco_2017_expt4,dprime,auto
Maniscalco_2017_expt4,m_ratio,auto
Maniscalco_2017_expt4,mean_confidence,auto
Maniscalco_2017_expt4,mean_rt,auto
Maniscalco_2017_expt4,meta_d_mle,auto
Maniscalco_2017_expt4,rt_distribution,auto
Maniscalco_2017_expt4,type2_auc,auto
Maniscalco_2017_expt4,type2_roc,auto
Martin_unpub,accuracy,auto
Martin_unpub,confidence_accuracy,auto
Martin_unpub,criterion,auto
Martin_unpub,dprime,auto
Martin_unpub,m_ratio,auto
Martin_unpub,mean_confidence,auto
Martin_unpub,mean_rt,auto
Martin_unpub,meta_d_mle,auto
Martin_unpub,rt_distribution,auto
Martin_unpub,type2_auc,auto
Martin_unpub,type2_roc,auto
Massoni_2017,accuracy,auto
Massoni_2017,confidence_accuracy,auto
Massoni_2017,confidence_rt,auto
Massoni_2017,criterion,auto
Massoni_2017,dprime,auto
Massoni_2017,m_ratio,auto
Massoni_2017,mean_confidence,auto
Massoni_2017,mean_rt,auto
Massoni_2017,meta_d_mle,auto
Massoni_2017,rt_distribution,auto
Massoni_2017,type2_auc,auto
Massoni_2017,type2_roc,auto
Massoni_unpub,accuracy,auto
Massoni_unpub,confidence_accuracy,auto
Massoni_unpub,confidence_rt,auto
Massoni_unpub,criterion,auto
Massoni_unpub,dprime,auto
Massoni_unpub,m_ratio,auto
Massoni_unpub,mean_confidence,auto
Massoni_unpub,mean_rt,auto
Massoni_unpub,meta_d_mle,auto
Massoni_unpub,rt_distribution,auto
Massoni_unpub,type2_auc,auto
Massoni_unpub,type2_roc,auto
Matthews_2018_exp1,accuracy,auto
Matthews_2018_exp1,confidence_accuracy,auto
Matthews_2018_exp1,criterion,auto
Matthews_2018_exp1,dprime,auto
Matthews_2018_exp1,m_ratio,auto
Matthews_2018_exp1,mean_confidence,auto
Matthews_2018_exp1,mean_rt,auto
Matthews_2018_exp1,meta_d_mle,auto
Matthews_2018_exp1,rt_distribution,auto
Matthews_2018_exp1,type2_auc,auto
Matthews_2018_exp1,type2_roc,auto
Matthews_2018_exp2,accuracy,auto
Matthews_2018_exp2,confidence_accuracy,auto
Matthews_2018_exp2,criterion,auto
Matthews_2018_exp2,dprime,auto
Matthews_2018_exp2,m_ratio,auto
Matthews_2018_exp2,mean_confidence,auto
Matthews_2018_exp2,mean_rt,auto
Matthews_2018_exp2,meta_d_mle,auto
Matthews_2018_exp2,rt_distribution,auto
Matthews_2018_exp2,type2_auc,auto
Matthews_2018_exp2,type2_roc,auto
Matthews_2019,accuracy,auto
Matthews_2019,confidence_accuracy,auto
Matthews_2019,criterion,auto
Matthews_2019,dprime,auto
Matthews_2019,m_ratio,auto
Matthews_2019,mean_confidence,auto
Matthews_2019,mean_rt,auto
Matthews_2019,meta_d_mle,auto
Matthews_2019,rt_distribution,auto
Matthews_2019,type2_auc,auto
Matthews_2019,type2_roc,auto
Matthews_unpub,accuracy,auto
Matthews_unpub,confidence_accuracy,auto
Matthews_unpub,criterion,auto
Matthews_unpub,dprime,auto
Matthews_unpub,m_ratio,auto
Matthews_unpub,mean_confidence,auto
Matthews_unpub,mean_rt,auto
Matthews_unpub,meta_d_mle,auto
Matthews_unpub,rt_distribution,auto
Matthews_unpub,type2_auc,auto
Matthews_unpub,type2_roc,auto
Mazancieux_2018,accuracy,auto
Mazancieux_2018,confidence_accuracy,auto
Mazancieux_2018,confidence_rt,auto
Mazancieux_2018,criterion,auto
Mazancieux_2018,dprime,auto
Mazancieux_2018,m_ratio,auto
Mazancieux_2018,mean_confidence,auto
Mazancieux_2018,mean_rt,auto
Mazancieux_2018,meta_d_mle,auto
Mazancieux_2018,rt_distribution,auto
Mazancieux_2018,type2_auc,auto
Mazancieux_2018,type2_roc,auto
Mazor_2020,accuracy,auto
Mazor_2020,confidence_accuracy,auto
Mazor_2020,criterion,auto
Mazor_2020,dprime,auto
Mazor_2020,m_ratio,auto
Mazor_2020,mean_confidence,auto
Mazor_2020,mean_rt,auto
Mazor_2020,meta_d_mle,auto
Mazor_2020,rt_distribution,auto
Mazor_2020,type2_auc,auto
Mazor_2020,type2_roc,auto
Mazor_2021_Expt1,accuracy,auto
Mazor_2021_Expt1,confidence_accuracy,auto
Mazor_2021_Expt1,confidence_rt,auto
Mazor_2021_Expt1,criterion,auto
Mazor_2021_Expt1,dprime,auto
Mazor_2021_Expt1,m_ratio,auto
Mazor_2021_Expt1,mean_confidence,auto
Mazor_2021_Expt1,mean_rt,auto
Mazor_2021_Expt1,meta_d_mle,auto
Mazor_2021_Expt1,rt_distribution,auto
Mazor_2021_Expt1,type2_auc,auto
Mazor_2021_Expt1,type2_roc,auto
Mazor_2021_Expt2,accuracy,auto
Mazor_2021_Expt2,confidence_accuracy,auto
Mazor_2021_Expt2,confidence_rt,auto
Mazor_2021_Expt2,criterion,auto
Mazor_2021_Expt2,dprime,auto
Mazor_2021_Expt2,m_ratio,auto
Mazor_2021_Expt2,mean_confidence,auto
Mazor_2021_Expt2,mean_rt,auto
Mazor_2021_Expt2,meta_d_mle,auto
Mazor_2021_Expt2,rt_distribution,auto
Mazor_2021_Expt2,type2_auc,auto
Mazor_2021_Expt2,type2_roc,auto
Mazor_2021_Expt3,accuracy,auto
Mazor_2021_Expt3,confidence_accuracy,auto
Mazor_2021_Expt3,confidence_rt,auto
Mazor_2021_Expt3,criterion,auto
Mazor_2021_Expt3,dprime,auto
Mazor_2021_Expt3,m_ratio,auto
Mazor_2021_Expt3,mean_confidence,auto
Mazor_2021_Expt3,mean_rt,auto
Mazor_2021_Expt3,meta_d_mle,auto
Mazor_2021_Expt3,rt_distribution,auto
Mazor_2021_Expt3,type2_auc,auto
Mazor_2021_Expt3,type2_roc,auto
Mazor_2021_Expt4,accuracy,auto
Mazor_2021_Expt4,confidence_accuracy,auto
Mazor_2021_Expt4,confidence_rt,auto
Mazor_2021_Expt4,criterion,auto
Mazor_2021_Expt4,dprime,auto
Mazor_2021_Expt4,m_ratio,auto
Mazor_2021_Expt4,mean_confidence,auto
Mazor_2021_Expt4,mean_rt,auto
Mazor_2021_Expt4,meta_d_mle,auto
Mazor_2021_Expt4,rt_distribution,auto
Mazor_2021_Expt4,type2_auc,auto
Mazor_2021_Expt4,type2_roc,auto
Mazor_2021_Expt5,accuracy,auto
Mazor_2021_Expt5,confidence_accuracy,auto
Mazor_2021_Expt5,confidence_rt,auto
Mazor_2021_Expt5,criterion,auto
Mazor_2021_Expt5,dprime,auto
Mazor_2021_Expt5,m_ratio,auto
Mazor_2021_Expt5,mean_confidence,auto
Mazor_2021_Expt5,mean_rt,auto
Mazor_2021_Expt5,meta_d_mle,auto
Mazor_2021_Expt5,rt_distribution,auto
Mazor_2021_Expt5,type2_auc,auto
Mazor_2021_Expt5,type2_roc,auto
Mazor_2021_Expt6,accuracy,auto
Mazor_2021_Expt6,confidence_accuracy,auto
Mazor_2021_Expt6,confidence_rt,auto
Mazor_2021_Expt6,criterion,auto
Mazor_2021_Expt6,dprime,auto
Mazor_2021_Expt6,m_ratio,auto
Mazor_2021_Expt6,mean_confidence,auto
Mazor_2021_Expt6,mean_rt,auto
Mazor_2021_Expt6,meta_d_mle,auto
Mazor_2021_Expt6,rt_distribution,auto
Mazor_2021_Expt6,type2_auc,auto
Mazor_2021_Expt6,type2_roc,auto
Mazor_2021_Expt7,accuracy,auto
Mazor_2021_Expt7,confidence_accuracy,auto
Mazor_2021_Expt7,confidence_rt,auto
Mazor_2021_Expt7,criterion,auto
Mazor_2021_Expt7,dprime,auto
Mazor_2021_Expt7,m_ratio,auto
Mazor_2021_Expt7,mean_confidence,auto
Mazor_2021_Expt7,mean_rt,auto
Mazor_2021_Expt7,meta_d_mle,auto
Mazor_2021_Expt7,rt_distribution,auto
Mazor_2021_Expt7,type2_auc,auto
Mazor_2021_Expt7,type2_roc,auto
Mei_2019_Exp1,accuracy,auto
Mei_2019_Exp1,confidence_accuracy,auto
Mei_2019_Exp1,confidence_rt,auto
Mei_2019_Exp1,criterion,auto
Mei_2019_Exp1,dprime,auto
Mei_2019_Exp1,m_ratio,auto
Mei_2019_Exp1,mean_confidence,auto
Mei_2019_Exp1,mean_rt,auto
Mei_2019_Exp1,meta_d_mle,auto
Mei_2019_Exp1,rt_distribution,auto
Mei_2019_Exp1,type2_auc,auto
Mei_2019_Exp1,type2_roc,auto
Mei_2019_Exp2,accuracy,auto
Mei_2019_Exp2,confidence_accuracy,auto
Mei_2019_Exp2,confidence_rt,auto
Mei_2019_Exp2,criterion,auto
Mei_2019_Exp2,dprime,auto
Mei_2019_Exp2,m_ratio,auto
Mei_2019_Exp2,mean_confidence,auto
Mei_2019_Exp2,mean_rt,auto
Mei_2019_Exp2,meta_d_mle,auto
Mei_2019_Exp2,rt_distribution,auto
Mei_2019_Exp2,type2_auc,auto
Mei_2019_Exp2,type2_roc,auto
OHora_2017,accuracy,auto
OHora_2017,confidence_accuracy,auto
OHora_2017,confidence_rt,auto
OHora_2017,criterion,auto
OHora_2017,dprime,auto
OHora_2017,m_ratio,auto
OHora_2017,mean_confidence,auto
OHora_2017,mean_rt,auto
OHora_2017,meta_d_mle,auto
OHora_2017,rt_distribution,auto
OHora_2017,type2_auc,auto
OHora_2017,type2_roc,auto
OHora_unpub_1,accuracy,auto
OHora_unpub_1,confidence_accuracy,auto
OHora_unpub_1,confidence_rt,auto
OHora_unpub_1,criterion,auto
OHora_unpub_1,dprime,auto
OHora_unpub_1,m_ratio,auto
OHora_unpub_1,mean_confidence,auto
OHora_unpub_1,mean_rt,auto
OHora_unpub_1,meta_d_mle,auto
OHora_unpub_1,rt_distribution,auto
OHora_unpub_1,type2_auc,auto
OHora_unpub_1,type2_roc,auto
OHora_unpub_2,accuracy,auto
OHora_unpub_2,confidence_accuracy,auto
OHora_unpub_2,confidence_rt,auto
OHora_unpub_2,criterion,auto
OHora_unpub_2,dprime,auto
OHora_unpub_2,m_ratio,auto
OHora_unpub_2,mean_confidence,auto
OHora_unpub_2,mean_rt,auto
OHora_unpub_2,meta_d_mle,auto
OHora_unpub_2,rt_distribution,auto
OHora_unpub_2,type2_auc,auto
OHora_unpub_2,type2_roc,auto
Palser_2018,accuracy,auto
Palser_2018,confidence_accuracy,auto
Palser_2018,confidence_rt,auto
Palser_2018,criterion,auto
Palser_2018,dprime,auto
Palser_2018,m_ratio,auto
Palser_2018,mean_confidence,auto
Palser_2018,mean_rt,auto
Palser_2018,meta_d_mle,auto
Palser_2018,rt_distribution,auto
Palser_2018,type2_auc,auto
Palser_2018,type2_roc,auto
Paulewicz_unpub1,accuracy,auto
Paulewicz_unpub1,confidence_accuracy,auto
Paulewicz_unpub1,criterion,auto
Paulewicz_unpub1,dprime,auto
Paulewicz_unpub1,m_ratio,auto
Paulewicz_unpub1,mean_confidence,auto
Paulewicz_unpub1,meta_d_mle,auto
Paulewicz_unpub1,type2_auc,auto
Paulewicz_unpub1,type2_roc,auto
Paulewicz_unpub2,accuracy,auto
Paulewicz_unpub2,confidence_accuracy,auto
Paulewicz_unpub2,criterion,auto
Paulewicz_unpub2,dprime,auto
Paulewicz_unpub2,m_ratio,auto
Paulewicz_unpub2,mean_confidence,auto
Paulewicz_unpub2,mean_rt,auto
Paulewicz_unpub2,meta_d_mle,auto
Paulewicz_unpub2,rt_distribution,auto
Paulewicz_unpub2,type2_auc,auto
Paulewicz_unpub2,type2_roc,auto
Paulewicz_unpub3,accuracy,auto
Paulewicz_unpub3,confidence_accuracy,auto
Paulewicz_unpub3,criterion,auto
Paulewicz_unpub3,dprime,auto
Paulewicz_unpub3,m_ratio,auto
Paulewicz_unpub3,mean_confidence,auto
Paulewicz_unpub3,mean_rt,auto
Paulewicz_unpub3,meta_d_mle,auto
Paulewicz_unpub3,rt_distribution,auto
Paulewicz_unpub3,type2_auc,auto
Paulewicz_unpub3,type2_roc,auto
Paulewicz_unpub4,accuracy,auto
Paulewicz_unpub4,confidence_accuracy,auto
Paulewicz_unpub4,criterion,auto
Paulewicz_unpub4,dprime,auto
Paulewicz_unpub4,m_ratio,auto
Paulewicz_unpub4,mean_confidence,auto
Paulewicz_unpub4,mean_rt,auto
Paulewicz_unpub4,meta_d_mle,auto
Paulewicz_unpub4,rt_distribution,auto
Paulewicz_unpub4,type2_auc,auto
Paulewicz_unpub4,type2_roc,auto
Pereira_2018,accuracy,auto
Pereira_2018,confidence_accuracy,auto
Pereira_2018,confidence_rt,auto
Pereira_2018,criterion,auto
Pereira_2018,dprime,auto
Pereira_2018,m_ratio,auto
Pereira_2018,mean_confidence,auto
Pereira_2018,mean_rt,auto
Pereira_2018,meta_d_mle,auto
Pereira_2018,rt_distribution,auto
Pereira_2018,type2_auc,auto
Pereira_2018,type2_roc,auto
Peters_unpub,accuracy,auto
Peters_unpub,confidence_accuracy,auto
Peters_unpub,confidence_rt,auto
Peters_unpub,criterion,auto
Peters_unpub,dprime,auto
Peters_unpub,m_ratio,auto
Peters_unpub,mean_confidence,auto
Peters_unpub,mean_rt,auto
Peters_unpub,meta_d_mle,auto
Peters_unpub,rt_distribution,auto
Peters_unpub,type2_auc,auto
Peters_unpub,type2_roc,auto
Prieto_unpub,accuracy,auto
Prieto_unpub,confidence_accuracy,auto
Prieto_unpub,confidence_rt,auto
Prieto_unpub,criterion,auto
Prieto_unpub,dprime,auto
Prieto_unpub,m_ratio,auto
Prieto_unpub,mean_confidence,auto
Prieto_unpub,mean_rt,auto
Prieto_unpub,meta_d_mle,auto
Prieto_unpub,rt_distribution,auto
Prieto_unpub,type2_auc,auto
Prieto_unpub,type2_roc,auto
Rahnev_2013,accuracy,auto
Rahnev_2013,confidence_accuracy,auto
Rahnev_2013,criterion,auto
Rahnev_2013,dprime,auto
Rahnev_2013,m_ratio,auto
Rahnev_2013,mean_confidence,auto
Rahnev_2013,mean_rt,auto
Rahnev_2013,meta_d_mle,auto
Rahnev_2013,rt_distribution,auto
Rahnev_2013,type2_auc,auto
Rahnev_2013,type2_roc,auto
data_Rahnev_2021,accuracy,auto
data_Rahnev_2021,confidence_accuracy,auto
data_Rahnev_2021,confidence_rt,auto
data_Rahnev_2021,criterion,auto
data_Rahnev_2021,dprime,auto
data_Rahnev_2021,m_ratio,auto
data_Rahnev_2021,mean_confidence,auto
data_Rahnev_2021,mean_rt,auto
data_Rahnev_2021,meta_d_mle,auto
data_Rahnev_2021,rt_distribution,auto
data_Rahnev_2021,type2_auc,auto
data_Rahnev_2021,type2_roc,auto
Rausch_2014,accuracy,auto
Rausch_2014,confidence_accuracy,auto
Rausch_2014,confidence_rt,auto
Rausch_2014,criterion,auto
Rausch_2014,dprime,auto
Rausch_2014,m_ratio,auto
Rausch_2014,mean_confidence,auto
Rausch_2014,mean_rt,auto
Rausch_2014,meta_d_mle,auto
Rausch_2014,rt_distribution,auto
Rausch_2014,type2_auc,auto
Rausch_2014,type2_roc,auto
Rausch_2016,accuracy,auto
Rausch_2016,confidence_accuracy,auto
Rausch_2016,criterion,auto
Rausch_2016,dprime,auto
Rausch_2016,m_ratio,auto
Rausch_2016,mean_confidence,auto
Rausch_2016,mean_rt,auto
Rausch_2016,meta_d_mle,auto
Rausch_2016,rt_distribution,auto
Rausch_2016,type2_auc,auto
Rausch_2016,type2_roc,auto
Rausch_2018_Expt1,accuracy,auto
Rausch_2018_Expt1,confidence_accuracy,auto
Rausch_2018_Expt1,criterion,auto
Rausch_2018_Expt1,dprime,auto
Rausch_2018_Expt1,m_ratio,auto
Rausch_2018_Expt1,mean_confidence,auto
Rausch_2018_Expt1,mean_rt,auto
Rausch_2018_Expt1,meta_d_mle,auto
Rausch_2018_Expt1,rt_distribution,auto
Rausch_2018_Expt1,type2_auc,auto
Rausch_2018_Expt1,type2_roc,auto
Rausch_2018_Expt2,accuracy,auto
Rausch_2018_Expt2,confidence_accuracy,auto
Rausch_2018_Expt2,confidence_rt,auto
Rausch_2018_Expt2,criterion,auto
Rausch_2018_Expt2,dprime,auto
Rausch_2018_Expt2,m_ratio,auto
Rausch_2018_Expt2,mean_confidence,auto
Rausch_2018_Expt2,mean_rt,auto
Rausch_2018_Expt2,meta_d_mle,auto
Rausch_2018_Expt2,rt_distribution,auto
Rausch_2018_Expt2,type2_auc,auto
Rausch_2018_Expt2,type2_roc,auto
Rausch_2020,accuracy,auto
Rausch_2020,confidence_accuracy,auto
Rausch_2020,confidence_rt,auto
Rausch_2020,criterion,auto
Rausch_2020,dprime,auto
Rausch_2020,m_ratio,auto
Rausch_2020,mean_confidence,auto
Rausch_2020,mean_rt,auto
Rausch_2020,meta_d_mle,auto
Rausch_2020,rt_distribution,auto
Rausch_2020,type2_auc,auto
Rausch_2020,type2_roc,auto
Recht_unpub,accuracy,auto
Recht_unpub,confidence_accuracy,auto
Recht_unpub,criterion,auto
Recht_unpub,dprime,auto
Recht_unpub,m_ratio,auto
Recht_unpub,mean_confidence,auto
Recht_unpub,mean_rt,auto
Recht_unpub,meta_d_mle,auto
Recht_unpub,rt_distribution,auto
Recht_unpub,type2_auc,auto
Recht_unpub,type2_roc,auto
Reyes_2015,accuracy,auto
Reyes_2015,confidence_accuracy,auto
Reyes_2015,confidence_rt,auto
Reyes_2015,criterion,auto
Reyes_2015,dprime,auto
Reyes_2015,m_ratio,auto
Reyes_2015,mean_confidence,auto
Reyes_2015,mean_rt,auto
Reyes_2015,meta_d_mle,auto
Reyes_2015,rt_distribution,auto
Reyes_2015,type2_auc,auto
Reyes_2015,type2_roc,auto
Reyes_unpub,accuracy,auto
Reyes_unpub,confidence_accuracy,auto
Reyes_unpub,confidence_rt,auto
Reyes_unpub,criterion,auto
Reyes_unpub,dprime,auto
Reyes_unpub,m_ratio,auto
Reyes_unpub,mean_confidence,auto
Reyes_unpub,mean_rt,auto
Reyes_unpub,meta_d_mle,auto
Reyes_unpub,rt_distribution,auto
Reyes_unpub,type2_auc,auto
Reyes_unpub,type2_roc,auto
Rouault_2018_Expt1,accuracy,auto
Rouault_2018_Expt1,confidence_accuracy,auto
Rouault_2018_Expt1,criterion,auto
Rouault_2018_Expt1,dprime,auto
Rouault_2018_Expt1,m_ratio,auto
Rouault_2018_Expt1,mean_confidence,auto
Rouault_2018_Expt1,mean_rt,auto
Rouault_2018_Expt1,meta_d_mle,auto
Rouault_2018_Expt1,rt_distribution,auto
Rouault_2018_Expt1,type2_auc,auto
Rouault_2018_Expt1,type2_roc,auto
Rouault_2018_Expt2,accuracy,auto
Rouault_2018_Expt2,confidence_accuracy,auto
Rouault_2018_Expt2,criterion,auto
Rouault_2018_Expt2,dprime,auto
Rouault_2018_Expt2,m_ratio,auto
Rouault_2018_Expt2,mean_confidence,auto
Rouault_2018_Expt2,mean_rt,auto
Rouault_2018_Expt2,meta_d_mle,auto
Rouault_2018_Expt2,rt_distribution,auto
Rouault_2018_Expt2,type2_auc,auto
Rouault_2018_Expt2,type2_roc,auto
Rouault_2019,accuracy,auto
Rouault_2019,confidence_accuracy,auto
Rouault_2019,confidence_rt,auto
Rouault_2019,criterion,auto
Rouault_2019,dprime,auto
Rouault_2019,m_ratio,auto
Rouault_2019,mean_confidence,auto
Rouault_2019,mean_rt,auto
Rouault_2019,meta_d_mle,auto
Rouault_2019,rt_distribution,auto
Rouault_2019,type2_auc,auto
Rouault_2019,type2_roc,auto
Rouault_2020,accuracy,auto
Rouault_2020,confidence_accuracy,auto
Rouault_2020,confidence_rt,auto
Rouault_2020,criterion,auto
Rouault_2020,dprime,auto
Rouault_2020,m_ratio,auto
Rouault_2020,mean_confidence,auto
Rouault_2020,mean_rt,auto
Rouault_2020,meta_d_mle,auto
Rouault_2020,rt_distribution,auto
Rouault_2020,type2_auc,auto
Rouault_2020,type2_roc,auto
Sadeghi_2017_memory,accuracy,auto
Sadeghi_2017_memory,confidence_accuracy,auto
Sadeghi_2017_memory,confidence_rt,auto
Sadeghi_2017_memory,criterion,auto
Sadeghi_2017_memory,dprime,auto
Sadeghi_2017_memory,m_ratio,auto
Sadeghi_2017_memory,mean_confidence,auto
Sadeghi_2017_memory,mean_rt,auto
Sadeghi_2017_memory,meta_d_mle,auto
Sadeghi_2017_memory,rt_distribution,auto
Sadeghi_2017_memory,type2_auc,auto
Sadeghi_2017_memory,type2_roc,auto
Sadeghi_2017_perception,accuracy,auto
Sadeghi_2017_perception,confidence_accuracy,auto
Sadeghi_2017_perception,confidence_rt,auto
Sadeghi_2017_perception,criterion,auto
Sadeghi_2017_perception,dprime,auto
Sadeghi_2017_perception,m_ratio,auto
Sadeghi_2017_perception,mean_confidence,auto
Sadeghi_2017_perception,mean_rt,auto
Sadeghi_2017_perception,meta_d_mle,auto
Sadeghi_2017_perception,rt_distribution,auto
Sadeghi_2017_perception,type2_auc,auto
Sadeghi_2017_perception,type2_roc,auto
Samaha_2016,accuracy,auto
Samaha_2016,confidence_accuracy,auto
Samaha_2016,criterion,auto
Samaha_2016,dprime,auto
Samaha_2016,m_ratio,auto
Samaha_2016,mean_confidence,auto
Samaha_2016,mean_rt,auto
Samaha_2016,meta_d_mle,auto
Samaha_2016,rt_distribution,auto
Samaha_2016,type2_auc,auto
Samaha_2016,type2_roc,auto
Samaha_2017_exp1,accuracy,auto
Samaha_2017_exp1,confidence_accuracy,auto
Samaha_2017_exp1,criterion,auto
Samaha_2017_exp1,dprime,auto
Samaha_2017_exp1,m_ratio,auto
Samaha_2017_exp1,mean_confidence,auto
Samaha_2017_exp1,mean_rt,auto
Samaha_2017_exp1,meta_d_mle,auto
Samaha_2017_exp1,rt_distribution,auto
Samaha_2017_exp1,type2_auc,auto
Samaha_2017_exp1,type2_roc,auto
Samaha_2017_exp2,accuracy,auto
Samaha_2017_exp2,confidence_accuracy,auto
Samaha_2017_exp2,criterion,auto
Samaha_2017_exp2,dprime,auto
Samaha_2017_exp2,m_ratio,auto
Samaha_2017_exp2,mean_confidence,auto
Samaha_2017_exp2,mean_rt,auto
Samaha_2017_exp2,meta_d_mle,auto
Samaha_2017_exp2,rt_distribution,auto
Samaha_2017_exp2,type2_auc,auto
Samaha_2017_exp2,type2_roc,auto
Samaha_2017_exp3,accuracy,auto
Samaha_2017_exp3,confidence_accuracy,auto
Samaha_2017_exp3,criterion,auto
Samaha_2017_exp3,dprime,auto
Samaha_2017_exp3,m_ratio,auto
Samaha_2017_exp3,mean_confidence,auto
Samaha_2017_exp3,mean_rt,auto
Samaha_2017_exp3,meta_d_mle,auto
Samaha_2017_exp3,rt_distribution,auto
Samaha_2017_exp3,type2_auc,auto
Samaha_2017_exp3,type2_roc,auto
Schmidt_2019_memory,accuracy,auto
Schmidt_2019_memory,confidence_accuracy,auto
Schmidt_2019_memory,confidence_rt,auto
Schmidt_2019_memory,criterion,auto
Schmidt_2019_memory,dprime,auto
Schmidt_2019_memory,m_ratio,auto
Schmidt_2019_memory,mean_confidence,auto
Schmidt_2019_memory,mean_rt,auto
Schmidt_2019_memory,meta_d_mle,auto
Schmidt_2019_memory,rt_distribution,auto
Schmidt_2019_memory,type2_auc,auto
Schmidt_2019_memory,type2_roc,auto
Schmidt_2019_perception,accuracy,auto
Schmidt_2019_perception,confidence_accuracy,auto
Schmidt_2019_perception,confidence_rt,auto
Schmidt_2019_perception,criterion,auto
Schmidt_2019_perception,dprime,auto
Schmidt_2019_perception,m_ratio,auto
Schmidt_2019_perception,mean_confidence,auto
Schmidt_2019_perception,mean_rt,auto
Schmidt_2019_perception,meta_d_mle,auto
Schmidt_2019_perception,rt_distribution,auto
Schmidt_2019_perception,type2_auc,auto
Schmidt_2019_perception,type2_roc,auto
Schurgin_2018,accuracy,auto
Schurgin_2018,confidence_accuracy,auto
Schurgin_2018,criterion,auto
Schurgin_2018,dprime,auto
Schurgin_2018,m_ratio,auto
Schurgin_2018,mean_confidence,auto
Schurgin_2018,mean_rt,auto
Schurgin_2018,meta_d_mle,auto
Schurgin_2018,rt_distribution,auto
Schurgin_2018,type2_auc,auto
Schurgin_2018,type2_roc,auto
Seow_2019,accuracy,auto
Seow_2019,confidence_accuracy,auto
Seow_2019,confidence_rt,auto
Seow_2019,criterion,auto
Seow_2019,dprime,auto
Seow_2019,m_ratio,auto
Seow_2019,mean_confidence,auto
Seow_2019,mean_rt,auto
Seow_2019,meta_d_mle,auto
Seow_2019,rt_distribution,auto
Seow_2019,type2_auc,auto
Seow_2019,type2_roc,auto
Shekhar_2018,accuracy,auto
Shekhar_2018,confidence_accuracy,auto
Shekhar_2018,criterion,auto
Shekhar_2018,dprime,auto
Shekhar_2018,m_ratio,auto
Shekhar_2018,mean_confidence,auto
Shekhar_2018,mean_rt,auto
Shekhar_2018,meta_d_mle,auto
Shekhar_2018,rt_distribution,auto
Shekhar_2018,type2_auc,auto
Shekhar_2018,type2_roc,auto
Shekhar_2021,accuracy,auto
Shekhar_2021,confidence_accuracy,auto
Shekhar_2021,criterion,auto
Shekhar_2021,dprime,auto
Shekhar_2021,m_ratio,auto
Shekhar_2021,mean_confidence,auto
Shekhar_2021,mean_rt,auto
Shekhar_2021,meta_d_mle,auto
Shekhar_2021,rt_distribution,auto
Shekhar_2021,type2_auc,auto
Shekhar_2021,type2_roc,auto
Sherman_2016_JN,accuracy,auto
Sherman_2016_JN,confidence_accuracy,auto
Sherman_2016_JN,confidence_rt,auto
Sherman_2016_JN,criterion,auto
Sherman_2016_JN,dprime,auto
Sherman_2016_JN,m_ratio,auto
Sherman_2016_JN,mean_confidence,auto
Sherman_2016_JN,mean_rt,auto
Sherman_2016_JN,meta_d_mle,auto
Sherman_2016_JN,rt_distribution,auto
Sherman_2016_JN,type2_auc,auto
Sherman_2016_JN,type2_roc,auto
Sherman_2016_JOCN,accuracy,auto
Sherman_2016_JOCN,confidence_accuracy,auto
Sherman_2016_JOCN,confidence_rt,auto
Sherman_2016_JOCN,criterion,auto
Sherman_2016_JOCN,dprime,auto
Sherman_2016_JOCN,m_ratio,auto
Sherman_2016_JOCN,mean_confidence,auto
Sherman_2016_JOCN,mean_rt,auto
Sherman_2016_JOCN,meta_d_mle,auto
Sherman_2016_JOCN,rt_distribution,auto
Sherman_2016_JOCN,type2_auc,auto
Sherman_2016_JOCN,type2_roc,auto
Sherman_unpub_Expt1,accuracy,auto
Sherman_unpub_Expt1,confidence_accuracy,auto
Sherman_unpub_Expt1,criterion,auto
Sherman_unpub_Expt1,dprime,auto
Sherman_unpub_Expt1,m_ratio,auto
Sherman_unpub_Expt1,mean_confidence,auto
Sherman_unpub_Expt1,mean_rt,auto
Sherman_unpub_Expt1,meta_d_mle,auto
Sherman_unpub_Expt1,rt_distribution,auto
Sherman_unpub_Expt1,type2_auc,auto
Sherman_unpub_Expt1,type2_roc,auto
Sherman_unpub_Expt2,accuracy,auto
Sherman_unpub_Expt2,confidence_accuracy,auto
Sherman_unpub_Expt2,criterion,auto
Sherman_unpub_Expt2,dprime,auto
Sherman_unpub_Expt2,m_ratio,auto
Sherman_unpub_Expt2,mean_confidence,auto
Sherman_unpub_Expt2,mean_rt,auto
Sherman_unpub_Expt2,meta_d_mle,auto
Sherman_unpub_Expt2,rt_distribution,auto
Sherman_unpub_Expt2,type2_auc,auto
Sherman_unpub_Expt2,type2_roc,auto
Siedlecka_2016,accuracy,auto
Siedlecka_2016,confidence_accuracy,auto
Siedlecka_2016,confidence_rt,auto
Siedlecka_2016,criterion,auto
Siedlecka_2016,dprime,auto
Siedlecka_2016,m_ratio,auto
Siedlecka_2016,mean_confidence,auto
Siedlecka_2016,mean_rt,auto
Siedlecka_2016,meta_d_mle,auto
Siedlecka_2016,rt_distribution,auto
Siedlecka_2016,type2_auc,auto
Siedlecka_2016,type2_roc,auto
Siedlecka_2018_bioRxiv,accuracy,auto
Siedlecka_2018_bioRxiv,confidence_accuracy,auto
Siedlecka_2018_bioRxiv,confidence_rt,auto
Siedlecka_2018_bioRxiv,criterion,auto
Siedlecka_2018_bioRxiv,dprime,auto
Siedlecka_2018_bioRxiv,m_ratio,auto
Siedlecka_2018_bioRxiv,mean_confidence,auto
Siedlecka_2018_bioRxiv,mean_rt,auto
Siedlecka_2018_bioRxiv,meta_d_mle,auto
Siedlecka_2018_bioRxiv,rt_distribution,auto
Siedlecka_2018_bioRxiv,type2_auc,auto
Siedlecka_2018_bioRxiv,type2_roc,auto
Siedlecka_2019,accuracy,auto
Siedlecka_2019,confidence_accuracy,auto
Siedlecka_2019,confidence_rt,auto
Siedlecka_2019,criterion,auto
Siedlecka_2019,dprime,auto
Siedlecka_2019,m_ratio,auto
Siedlecka_2019,mean_confidence,auto
Siedlecka_2019,mean_rt,auto
Siedlecka_2019,meta_d_mle,auto
Siedlecka_2019,rt_distribution,auto
Siedlecka_2019,type2_auc,auto
Siedlecka_2019,type2_roc,auto
Siedlecka_2019_Exp1,accuracy,auto
Siedlecka_2019_Exp1,confidence_accuracy,auto
Siedlecka_2019_Exp1,confidence_rt,auto
Siedlecka_2019_Exp1,criterion,auto
Siedlecka_2019_Exp1,dprime,auto
Siedlecka_2019_Exp1,m_ratio,auto
Siedlecka_2019_Exp1,mean_confidence,auto
Siedlecka_2019_Exp1,mean_rt,auto
Siedlecka_2019_Exp1,meta_d_mle,auto
Siedlecka_2019_Exp1,rt_distribution,auto
Siedlecka_2019_Exp1,type2_auc,auto
Siedlecka_2019_Exp1,type2_roc,auto
Siedlecka_2019_Exp2,accuracy,auto
Siedlecka_2019_Exp2,confidence_accuracy,auto
Siedlecka_2019_Exp2,confidence_rt,auto
Siedlecka_2019_Exp2,criterion,auto
Siedlecka_2019_Exp2,dprime,auto
Siedlecka_2019_Exp2,m_ratio,auto
Siedlecka_2019_Exp2,mean_confidence,auto
Siedlecka_2019_Exp2,mean_rt,auto
Siedlecka_2019_Exp2,meta_d_mle,auto
Siedlecka_2019_Exp2,rt_distribution,auto
Siedlecka_2019_Exp2,type2_auc,auto
Siedlecka_2019_Exp2,type2_roc,auto
Siedlecka_2021,accuracy,auto
Siedlecka_2021,confidence_accuracy,auto
Siedlecka_2021,confidence_rt,auto
Siedlecka_2021,criterion,auto
Siedlecka_2021,dprime,auto
Siedlecka_2021,m_ratio,auto
Siedlecka_2021,mean_confidence,auto
Siedlecka_2021,mean_rt,auto
Siedlecka_2021,meta_d_mle,auto
Siedlecka_2021,rt_distribution,auto
Siedlecka_2021,type2_auc,auto
Siedlecka_2021,type2_roc,auto
Siedlecka_unpub,accuracy,auto
Siedlecka_unpub,confidence_accuracy,auto
Siedlecka_unpub,confidence_rt,auto
Siedlecka_unpub,criterion,auto
Siedlecka_unpub,dprime,auto
Siedlecka_unpub,m_ratio,auto
Siedlecka_unpub,mean_confidence,auto
Siedlecka_unpub,mean_rt,auto
Siedlecka_unpub,meta_d_mle,auto
Siedlecka_unpub,rt_distribution,auto
Siedlecka_unpub,type2_auc,auto
Siedlecka_unpub,type2_roc,auto
Sinanaj_2015,accuracy,auto
Sinanaj_2015,confidence_accuracy,auto
Sinanaj_2015,criterion,auto
Sinanaj_2015,dprime,auto
Sinanaj_2015,m_ratio,auto
Sinanaj_2015,mean_confidence,auto
Sinanaj_2015,mean_rt,auto
Sinanaj_2015,meta_d_mle,auto
Sinanaj_2015,rt_distribution,auto
Sinanaj_2015,type2_auc,auto
Sinanaj_2015,type2_roc,auto
Skora_2016,accuracy,auto
Skora_2016,confidence_accuracy,auto
Skora_2016,confidence_rt,auto
Skora_2016,criterion,auto
Skora_2016,dprime,auto
Skora_2016,m_ratio,auto
Skora_2016,mean_confidence,auto
Skora_2016,mean_rt,auto
Skora_2016,meta_d_mle,auto
Skora_2016,rt_distribution,auto
Skora_2016,type2_auc,auto
Skora_2016,type2_roc,auto
Skora_unpub,accuracy,auto
Skora_unpub,confidence_accuracy,auto
Skora_unpub,confidence_rt,auto
Skora_unpub,criterion,auto
Skora_unpub,dprime,auto
Skora_unpub,m_ratio,auto
Skora_unpub,mean_confidence,auto
Skora_unpub,mean_rt,auto
Skora_unpub,meta_d_mle,auto
Skora_unpub,rt_distribution,auto
Skora_unpub,type2_auc,auto
Skora_unpub,type2_roc,auto
Song_2011,accuracy,auto
Song_2011,confidence_accuracy,auto
Song_2011,confidence_rt,auto
Song_2011,criterion,auto
Song_2011,dprime,auto
Song_2011,m_ratio,auto
Song_2011,mean_confidence,auto
Song_2011,mean_rt,auto
Song_2011,meta_d_mle,auto
Song_2011,rt_distribution,auto
Song_2011,type2_auc,auto
Song_2011,type2_roc,auto
Teuchies_2019,accuracy,auto
Teuchies_2019,confidence_accuracy,auto
Teuchies_2019,confidence_rt,auto
Teuchies_2019,criterion,auto
Teuchies_2019,dprime,auto
Teuchies_2019,m_ratio,auto
Teuchies_2019,mean_confidence,auto
Teuchies_2019,mean_rt,auto
Teuchies_2019,meta_d_mle,auto
Teuchies_2019,rt_distribution,auto
Teuchies_2019,type2_auc,auto
Teuchies_2019,type2_roc,auto
VanBoxtel_2019_Expt1,accuracy,auto
VanBoxtel_2019_Expt1,confidence_accuracy,auto
VanBoxtel_2019_Expt1,criterion,auto
VanBoxtel_2019_Expt1,dprime,auto
VanBoxtel_2019_Expt1,m_ratio,auto
VanBoxtel_2019_Expt1,mean_confidence,auto
VanBoxtel_2019_Expt1,mean_rt,auto
VanBoxtel_2019_Expt1,meta_d_mle,auto
VanBoxtel_2019_Expt1,rt_distribution,auto
VanBoxtel_2019_Expt1,type2_auc,auto
VanBoxtel_2019_Expt1,type2_roc,auto
VanBoxtel_2019_Expt2,accuracy,auto
VanBoxtel_2019_Expt2,confidence_accuracy,auto
VanBoxtel_2019_Expt2,criterion,auto
VanBoxtel_2019_Expt2,dprime,auto
VanBoxtel_2019_Expt2,m_ratio,auto
VanBoxtel_2019_Expt2,mean_confidence,auto
VanBoxtel_2019_Expt2,mean_rt,auto
VanBoxtel_2019_Expt2,meta_d_mle,auto
VanBoxtel_2019_Expt2,rt_distribution,auto
VanBoxtel_2019_Expt2,type2_auc,auto
VanBoxtel_2019_Expt2,type2_roc,auto
Wang_2017_NatComm,confidence_accuracy,auto
Wang_2017_NatComm,confidence_rt,auto
Wang_2017_NatComm,mean_confidence,auto
Wang_2017_NatComm,mean_rt,auto
Wang_2017_NatComm,rt_distribution,auto
Wang_2017_Neuropsychologia,confidence_accuracy,auto
Wang_2017_Neuropsychologia,confidence_rt,auto
Wang_2017_Neuropsychologia,mean_confidence,auto
Wang_2017_Neuropsychologia,mean_rt,auto
Wang_2017_Neuropsychologia,rt_distribution,auto
Wang_2018,confidence_accuracy,auto
Wang_2018,confidence_rt,auto
Wang_2018,mean_confidence,auto
Wang_2018,mean_rt,auto
Wang_2018,rt_distribution,auto
Weidemann_2016,accuracy,auto
Weidemann_2016,confidence_accuracy,auto
Weidemann_2016,criterion,auto
Weidemann_2016,dprime,auto
Weidemann_2016,m_ratio,auto
Weidemann_2016,mean_confidence,auto
Weidemann_2016,mean_rt,auto
Weidemann_2016,meta_d_mle,auto
Weidemann_2016,rt_distribution,auto
Weidemann_2016,type2_auc,auto
Weidemann_2016,type2_roc,auto
Wierzchon_2012,accuracy,auto
Wierzchon_2012,confidence_accuracy,auto
Wierzchon_2012,criterion,auto
Wierzchon_2012,dprime,auto
Wierzchon_2012,m_ratio,auto
Wierzchon_2012,mean_confidence,auto
Wierzchon_2012,meta_d_mle,auto
Wierzchon_2012,type2_auc,auto
Wierzchon_2012,type2_roc,auto
Wierzchon_2014,accuracy,auto
Wierzchon_2014,confidence_accuracy,auto
Wierzchon_2014,confidence_rt,auto
Wierzchon_2014,criterion,auto
Wierzchon_2014,dprime,auto
Wierzchon_2014,m_ratio,auto
Wierzchon_2014,mean_confidence,auto
Wierzchon_2014,mean_rt,auto
Wierzchon_2014,meta_d_mle,auto
Wierzchon_2014,rt_distribution,auto
Wierzchon_2014,type2_auc,auto
Wierzchon_2014,type2_roc,auto
Wierzchon_2019,accuracy,auto
Wierzchon_2019,confidence_accuracy,auto
Wierzchon_2019,confidence_rt,auto
Wierzchon_2019,criterion,auto
Wierzchon_2019,dprime,auto
Wierzchon_2019,m_ratio,auto
Wierzchon_2019,mean_confidence,auto
Wierzchon_2019,mean_rt,auto
Wierzchon_2019,meta_d_mle,auto
Wierzchon_2019,rt_distribution,auto
Wierzchon_2019,type2_auc,auto
Wierzchon_2019,type2_roc,auto
Xiang_2021,accuracy,auto
Xiang_2021,confidence_accuracy,auto
Xiang_2021,confidence_rt,auto
Xiang_2021,criterion,auto
Xiang_2021,dprime,auto
Xiang_2021,m_ratio,auto
Xiang_2021,mean_confidence,auto
Xiang_2021,mean_rt,auto
Xiang_2021,meta_d_mle,auto
Xiang_2021,rt_distribution,auto
Xiang_2021,type2_auc,auto
Xiang_2021,type2_roc,auto
Xu_2019_Exp1,accuracy,auto
Xu_2019_Exp1,confidence_accuracy,auto
Xu_2019_Exp1,confidence_rt,auto
Xu_2019_Exp1,criterion,auto
Xu_2019_Exp1,dprime,auto
Xu_2019_Exp1,m_ratio,auto
Xu_2019_Exp1,mean_confidence,auto
Xu_2019_Exp1,mean_rt,auto
Xu_2019_Exp1,meta_d_mle,auto
Xu_2019_Exp1,rt_distribution,auto
Xu_2019_Exp1,type2_auc,auto
Xu_2019_Exp1,type2_roc,auto
Xu_2019_Exp2,accuracy,auto
Xu_2019_Exp2,confidence_accuracy,auto
Xu_2019_Exp2,confidence_rt,auto
Xu_2019_Exp2,criterion,auto
Xu_2019_Exp2,dprime,auto
Xu_2019_Exp2,m_ratio,auto
Xu_2019_Exp2,mean_confidence,auto
Xu_2019_Exp2,mean_rt,auto
Xu_2019_Exp2,meta_d_mle,auto
Xu_2019_Exp2,rt_distribution,auto
Xu_2019_Exp2,type2_auc,auto
Xu_2019_Exp2,type2_roc,auto
Xue_2024_Exp2,accuracy,auto
Xue_2024_Exp2,confidence_accuracy,auto
Xue_2024_Exp2,criterion,auto
Xue_2024_Exp2,dprime,auto
Xue_2024_Exp2,m_ratio,auto
Xue_2024_Exp2,mean_confidence,auto
Xue_2024_Exp2,mean_rt,auto
Xue_2024_Exp2,meta_d_mle,auto
Xue_2024_Exp2,rt_distribution,auto
Xue_2024_Exp2,type2_auc,auto
Xue_2024_Exp2,type2_roc,auto
Xue_2024_Exp3,accuracy,auto
Xue_2024_Exp3,confidence_accuracy,auto
Xue_2024_Exp3,criterion,auto
Xue_2024_Exp3,dprime,auto
Xue_2024_Exp3,m_ratio,auto
Xue_2024_Exp3,mean_confidence,auto
Xue_2024_Exp3,mean_rt,auto
Xue_2024_Exp3,meta_d_mle,auto
Xue_2024_Exp3,rt_distribution,auto
Xue_2024_Exp3,type2_auc,auto
Xue_2024_Exp3,type2_roc,auto
Ye_2018,accuracy,auto
Ye_2018,confidence_accuracy,auto
Ye_2018,confidence_rt,auto
Ye_2018,criterion,auto
Ye_2018,dprime,auto
Ye_2018,m_ratio,auto
Ye_2018,mean_confidence,auto
Ye_2018,mean_rt,auto
Ye_2018,meta_d_mle,auto
Ye_2018,rt_distribution,auto
Ye_2018,type2_auc,auto
Ye_2018,type2_roc,auto
Yeon_2019,accuracy,auto
Yeon_2019,confidence_accuracy,auto
Yeon_2019,confidence_rt,auto
Yeon_2019,mean_confidence,auto
Yeon_2019,mean_rt,auto
Yeon_2019,rt_distribution,auto
Yeon_2019,type2_auc,auto
Yeon_2019,type2_roc,auto
Yeon_unpub_Exp1,accuracy,auto
Yeon_unpub_Exp1,confidence_accuracy,auto
Yeon_unpub_Exp1,confidence_rt,auto
Yeon_unpub_Exp1,criterion,auto
Yeon_unpub_Exp1,dprime,auto
Yeon_unpub_Exp1,m_ratio,auto
Yeon_unpub_Exp1,mean_confidence,auto
Yeon_unpub_Exp1,mean_rt,auto
Yeon_unpub_Exp1,meta_d_mle,auto
Yeon_unpub_Exp1,rt_distribution,auto
Yeon_unpub_Exp1,type2_auc,auto
Yeon_unpub_Exp1,type2_roc,auto
Yeon_unpub_Exp2,accuracy,auto
Yeon_unpub_Exp2,confidence_accuracy,auto
Yeon_unpub_Exp2,confidence_rt,auto
Yeon_unpub_Exp2,criterion,auto
Yeon_unpub_Exp2,dprime,auto
Yeon_unpub_Exp2,m_ratio,auto
Yeon_unpub_Exp2,mean_confidence,auto
Yeon_unpub_Exp2,mean_rt,auto
Yeon_unpub_Exp2,meta_d_mle,auto
Yeon_unpub_Exp2,rt_distribution,auto
Yeon_unpub_Exp2,type2_auc,auto
Yeon_unpub_Exp2,type2_roc,auto
Zheng_2023,accuracy,auto
Zheng_2023,confidence_accuracy,auto
Zheng_2023,confidence_rt,auto
Zheng_2023,criterion,auto
Zheng_2023,dprime,auto
Zheng_2023,m_ratio,auto
Zheng_2023,mean_confidence,auto
Zheng_2023,mean_rt,auto
Zheng_2023,meta_d_mle,auto
Zheng_2023,rt_distribution,auto
Zheng_2023,type2_auc,auto
Zheng_2023,type2_roc,auto
data_Zheng_2023_NOC,accuracy,auto
data_Zheng_2023_NOC,confidence_accuracy,auto
data_Zheng_2023_NOC,confidence_rt,auto
data_Zheng_2023_NOC,criterion,auto
data_Zheng_2023_NOC,dprime,auto
data_Zheng_2023_NOC,m_ratio,auto
data_Zheng_2023_NOC,mean_confidence,auto
data_Zheng_2023_NOC,mean_rt,auto
data_Zheng_2023_NOC,meta_d_mle,auto
data_Zheng_2023_NOC,rt_distribution,auto
data_Zheng_2023_NOC,type2_auc,auto
data_Zheng_2023_NOC,type2_roc,auto
Zylberberg_2016,accuracy,auto
Zylberberg_2016,confidence_accuracy,auto
Zylberberg_2016,criterion,auto
Zylberberg_2016,dprime,auto
Zylberberg_2016,m_ratio,auto
Zylberberg_2016,mean_confidence,auto
Zylberberg_2016,mean_rt,auto
Zylberberg_2016,meta_d_mle,auto
Zylberberg_2016,rt_distribution,auto
Zylberberg_2016,type2_auc,auto
Zylberberg_2016,type2_roc,auto
